8588
856
12979 67220
78957 79677
61424 80983
53417 74052
18754 58171
50479 77153
33023 51686
80419 83929
60903 72239
51821 57106
32230 62637
80456 80477
48078 64256
33925 78047
4696 13762
48313 49149
64750 82953
22433 67240
53050 58142
17113 45836
49389 55332
83529 84414
27771 55184
3859 33897
22245 63966
18096 40394
79881 83321
27514 52019
79747 82751
51004 57217
34223 84908
52378 69341
54355 79714
5014 63341
9387 49946
15804 52926
48085 75435
60644 80628
62302 80916
58253 67540
25881 78166
69507 78826
70659 78563
20420 39469
11517 27860
60895 79491
6354 6742
14755 72604
85401 85737
67899 68763
18302 67960
61103 65232
26806 75006
67904 84296
29520 58494
42867 69723
34513 78566
60991 77272
6042 49337
51696 80746
62261 74367
11890 81424
80428 84611
28441 82745
58238 70479
47802 50353
52503 63241
26715 73798
37366 64066
58757 63751
29638 81643
41846 76475
47089 75543
84424 86073
50771 69783
49592 58755
16073 47091
39646 62028
37880 41625
56979 77495
15651 43412
43122 71077
76851 77794
16867 56440
68338 73220
48405 53645
46950 73379
74542 86185
14995 42898
62653 65818
7913 49499
49199 49417
58135 66514
15578 45661
77042 86040
32822 33883
44553 82454
4674 69218
22788 65737
55043 80970
80673 85600
1459 46305
35003 42907
69542 85636
14162 63056
26073 75589
1173 3420
46817 79466
49874 86226
15571 44864
19352 42119
519 83463
40206 72692
71869 83522
26432 29441
72464 82880
53199 64780
40427 79613
52269 60151
77256 86203
47360 55267
44474 78867
68931 73088
27853 81235
67954 73339
13656 32193
73223 73722
15434 27161
54024 64813
76014 78710
64712 66566
47334 59580
31205 65186
40641 75002
1431 55072
68395 86377
49158 66531
60730 63310
62882 81456
76530 79099
64581 75762
23832 52062
35028 57030
68237 81102
73360 76417
77631 83050
74946 76439
38072 47576
68254 85532
33068 35602
9935 44015
34295 46545
18797 36154
60439 75331
7134 32824
65734 80100
5186 16521
38979 44599
47799 85549
14307 65447
7987 18019
25367 40607
16935 53076
64453 77256
3390 19761
83599 84983
12705 24062
66946 78822
6477 7926
84624 85605
31376 64561
42107 56850
53306 74084
25202 82196
2054 45659
48850 53411
82487 83295
7827 43380
73473 76693
20876 51489
11841 42141
83017 85832
43225 59722
83256 83976
79277 82521
48417 55204
33179 41618
42808 63379
7846 56332
63308 77194
63395 80171
75457 82155
49552 72750
11255 43896
75845 83420
80256 84402
75327 82343
51498 56929
85604 85863
84695 84964
30840 77565
53921 73909
20377 38460
40791 84094
42173 71971
85126 86046
34906 83778
28823 51789
12432 35930
54374 72338
58303 77403
62852 72414
81283 82120
6830 43879
71457 75883
35725 46181
19473 69301
7157 57793
86099 86333
52337 81270
51112 85909
40424 61657
57871 80284
59117 63137
80390 80889
78396 83746
71265 83189
54545 67677
47313 66331
19195 37923
73194 75055
20663 32920
85543 85759
45957 76847
12111 55384
36148 57879
45481 47742
54443 66793
8949 10240
19727 27271
24997 53400
67 73753
82674 84385
41341 44556
42376 56729
18973 77482
58814 64103
67575 80849
1033 21489
34457 52310
20331 84428
57010 59513
6101 8768
19700 53918
32085 60152
49686 79027
24601 71542
40087 57812
79475 82244
73555 81813
35734 62728
10883 51433
15047 84509
9615 83384
10365 61449
36124 70239
28555 51291
61238 69214
80248 86361
7033 72740
59346 70038
74279 76851
49235 74907
83247 84446
69159 75379
52392 53080
46540 63721
71555 82770
33433 83718
16129 60205
55903 57641
5521 83328
9957 44176
3443 83898
76513 81336
75902 80261
13958 26225
35641 80115
70532 80909
587 18033
54287 82378
8814 25032
40319 70170
26778 77950
23069 63540
41437 64665
34405 74540
3967 72936
6450 35219
55399 76686
10397 21590
77646 79347
69996 83600
67768 73048
31835 41329
11086 40767
22755 40121
12041 44404
15320 19760
45276 53598
24151 36271
34171 75994
22118 68152
71917 74172
78443 80959
18932 47891
3117 8095
7320 79251
75579 75689
81065 85949
5482 20141
6786 15458
84395 85853
77191 79995
22153 79732
55712 61275
81621 82946
13887 21439
24324 69446
77156 84275
59152 64806
27695 31906
10856 48625
34536 77897
12088 63669
789 37890
48946 60555
74416 79874
62777 65283
79627 84914
26710 74825
22499 45316
60827 77789
9809 54739
32784 52618
57951 85879
28934 45692
40920 73683
44106 69002
31289 75941
57317 85199
85910 86095
47643 83704
2563 23558
73635 79112
10366 86052
31906 52463
32544 65243
69942 78842
35831 47343
38450 39325
6550 10545
11235 40718
59977 60045
36220 41770
75469 84445
34724 36609
210 11053
34991 70512
37673 49726
39557 78095
30144 43657
6100 27728
59878 71452
65121 82812
32520 66339
42115 53571
59909 86218
316 40955
11646 28952
45355 66656
52019 69333
4454 77636
83115 84731
82567 86113
49017 55306
2438 10247
6196 20532
46116 60999
10562 82968
73419 84395
33437 63134
12681 12849
21832 81217
45322 83565
71884 76271
25804 41219
16601 33643
16874 30981
75904 84869
52426 68816
2735 46800
74636 81555
55238 86238
49457 57736
33953 40044
44226 77904
1037 78082
57890 81670
26103 27377
85423 85493
58254 76464
25569 71846
54939 85950
646 15446
24960 40565
62776 82168
26783 41338
273 73479
49201 60882
25802 26407
58924 72629
52912 68629
22555 55852
73706 86138
83670 85587
65753 84987
23553 36257
7145 83386
44641 48600
15386 49941
51129 66342
62469 64721
9761 33859
37862 40729
51367 56091
18432 21765
16174 82219
44549 71817
56658 70799
64975 77919
56542 65173
35680 58237
2240 85748
33120 74284
42484 64341
57466 65799
3521 85569
46809 70619
31449 68640
31307 83730
74128 85216
33344 55044
17058 32082
72753 79697
3990 31354
19364 72408
25698 85624
8396 44574
31674 84102
25786 35092
83344 85125
64588 83959
55126 82992
86105 86208
1578 3640
51699 84435
11237 21251
84930 85566
12074 64725
33336 47565
45524 66488
27541 38850
23497 30305
59164 66059
65589 83430
30015 64853
76445 86257
44914 72374
74694 82770
31565 47315
52379 65088
20196 32613
30561 77517
2712 47056
49728 79564
6878 75103
50685 85223
81735 84303
14067 77731
11059 33928
39276 66908
8243 54613
33648 67574
41596 71528
47789 66658
76903 81604
77488 86379
73936 83041
51853 78390
7330 33328
44386 70215
71591 75660
52684 63433
78779 85655
37431 79468
15767 21154
60941 75784
12536 61660
13828 53492
28013 82313
46228 66492
21691 29657
80753 84577
45800 51041
75805 81570
70746 73050
38349 73061
75071 79778
23409 35477
65945 67868
55148 73069
19412 60259
83836 84028
66407 79975
38436 71231
77135 77375
81034 82828
49251 72304
9498 60215
54450 61937
55294 60670
83248 83280
69975 74969
5981 8928
42843 46953
36069 77313
29066 47921
83190 83247
53475 85825
8288 71583
51407 79656
56745 62086
6173 85140
7539 43568
7952 83414
74382 77939
50032 51292
70723 72595
19648 51593
52336 79635
67812 83129
28027 68295
7788 12531
60183 71024
57719 75619
40706 57471
85781 86203
68858 69437
45919 64118
5557 52924
31955 36165
22680 65154
71689 81829
21746 84321
370 39106
5631 14290
1505 12957
25149 25609
24823 85451
45293 53060
10888 15909
54511 80107
60787 84109
39314 48010
41667 65369
81986 85260
71960 84311
26227 28538
83930 84670
73533 80204
63623 68798
50730 77663
33244 41124
70842 77267
56650 68663
38107 48655
29738 85673
46100 54531
4242 81382
21386 69905
57788 60676
523 15180
48680 75140
48467 53451
35943 68297
77984 83195
22593 72054
28627 85085
68495 83292
50421 68258
8195 58134
81181 82688
23037 39646
51786 76610
35773 57302
18410 64124
47827 54169
49074 69319
4914 13502
57094 77098
25780 77409
27875 84326
50371 86001
83398 83975
43684 66223
81635 85228
10764 66551
44555 58514
85579 85768
13903 27915
35268 37880
16523 64517
3298 38872
85561 85701
15369 82581
887 61773
18465 53663
78852 82865
21163 43503
48111 59362
5914 50558
44686 57992
26099 67944
58000 75252
12264 39343
81305 82186
52220 86200
26095 28579
60899 85032
24189 76231
15337 43839
46314 69809
67284 82528
46273 76802
78557 83718
34229 75977
55187 59692
36289 46894
69489 77552
44922 54103
887 66548
32453 80264
24537 61777
670 25953
47906 57945
59070 83465
9954 65732
17548 50758
67134 81487
15669 47875
43646 64468
12030 59318
84478 86174
59815 74770
19602 19680
6790 24464
73358 78287
74438 84863
63631 79690
76935 84451
83634 85065
61062 73610
72360 84798
6674 9003
37585 70709
31887 81642
34702 72687
26865 67563
78426 79015
11992 31460
57801 76016
47504 60016
83778 84483
61160 82686
80006 82147
10654 73872
82993 83423
36033 49997
47888 60470
60698 63099
75064 76530
29702 81600
48756 55710
41325 68117
81867 83682
26503 64022
15814 62658
52342 75794
22939 34747
62066 62342
42223 51874
37768 66791
69809 83906
16091 32448
78373 79641
54129 84344
69066 71329
22462 61852
41238 42019
57862 68652
323 66468
9584 58858
74665 75357
34531 48163
11586 62628
53882 64149
38305 48266
79262 84354
73104 79508
70751 83958
42716 60758
71255 78604
21069 24521
13221 66645
47648 67115
14644 70617
61326 70080
8470 63310
34375 80429
41344 44037
33222 76094
9602 50567
19406 24065
48639 73421
67592 81276
77371 82965
16257 74265
9411 34766
14486 85689
1239 54452
3102 16241
6014 62262
29823 54424
15543 35271
25825 47804
38817 58870
36808 46782
64273 66254
6515 83510
13696 23190
68456 77342
77153 77702
53639 83303
55612 80698
24256 49800
48338 49394
83578 86112
82011 82346
86235 86355
44940 49521
23369 31602
68467 71430
69754 73863
74932 82854
44362 85046
17717 52244
33266 35312
46532 64405
31266 70334
75290 80293
9953 54039
10421 66154
18454 81433
54293 62257
81105 82692
10191 51484
59827 67034
31034 82099
83718 84138
40505 72194
52989 62669
71191 74761
44910 59035
55567 76811
51799 61382
79431 79596
60329 84286
23233 24622
74704 78365
51941 84135
28491 38874
46748 84528
25588 69102
70541 83646
29327 40715
47892 67695
29177 78447
63935 74987
51609 54949
63050 74489
59530 80027
79176 80418
6322 16717
59374 63222
11603 58260
65421 73966
72667 78884
48720 80635
50671 83764
51325 54522
47735 77902
3625 30700
43832 63583
72947 76609
13161 27658
73892 76707
15653 57134
12509 50457
38706 83977
13005 32106
27977 62524
53606 81947
20550 74683
10534 22808
21916 47413
79002 82365
19917 60082
53654 72830
25855 84522
36178 59587
40213 42508
14200 48394
83256 83343
28047 71824
83750 84119
66471 85132
76369 82669
67475 83306
27374 82160
36874 78851
32899 69511
39717 65416
83232 85009
37229 53593
41419 56739
41189 49000
44434 47568
58153 67185
84410 85634
70320 76079
30007 79815
26572 73268
30434 36718
48589 77305
11948 21126
81144 82564
84829 86027
71278 85247
69406 77450
1226 22162
50167 50814
75643 85545
75108 85690
58137 72238
73630 82330
31320 82823
68488 71617
20783 65927
78180 84153
10485 12604
39969 58262
55285 68325
73817 85875
76457 78574
22440 73696
64899 70348
61476 69279
12351 56746
44288 82359
36111 74825
18974 35065
11726 55548
49738 64134
4623 6680
5885 27055
39843 81630
28080 52126
67662 83030
36611 66587
52765 74440
4086 76841
82022 85532
5383 64420
83331 85771
58278 73640
18809 70097
55221 63001
23537 85879
13519 30871
57196 72951
58043 84061
41766 66096
1457 54280
19938 82357
50252 69117
12101 37005
26717 72132
75068 77730
26370 63377
32817 66707
55061 84240
20792 21629
33371 79314
25855 37143
51420 80433
37992 62391
57351 85298
6529 65454
1355 54385
35396 54511
33609 69684
43225 56028
38622 67085
26567 68029
56743 83129
5574 46245
33567 48378
13138 64073
64222 72474
50829 72015
68418 80550
83821 84212
5576 60063
23096 82054
40997 69028
15673 27605
25827 49391
65280 69816
42013 79927
20090 74017
5066 44002
18429 72934
1870 45977
82839 82988
43823 48301
76602 84669
81725 83915
40967 61844
51357 54083
65755 83891
67970 72541
1467 84360
10183 12937
25618 61758
71554 79610
67892 81926
57491 62645
73425 77414
41559 55798
3906 44164
21415 25340
52352 53417
221 69915
25251 68772
14856 35603
58212 62880
80088 84820
48522 51037
15171 75691
22135 50148
45896 68404
21744 67163
31414 53431
21977 49591
84546 85407
67267 85745
26985 52910
28801 60741
689 6250
66003 84835
35634 46669
24188 70157
71601 72637
75836 79449
83759 84977
14783 58665
12927 56432
31231 34970
56303 56563
24698 34142
18507 33352
63031 67136
44946 54778
82173 85476
41982 71984
8365 47423
1676 21800
25330 68164
46948 69310
8527 66978
39074 44613
65472 80184
32503 54832
31984 72431
70252 85104
19360 72365
13664 70123
83907 84885
67744 74154
39271 47452
58677 83021
50766 83972
53048 72740
70727 80037
20874 62652
56717 59369
79267 84551
68576 81569
7613 76467
4567 41374
27004 67698
10010 37821
6054 27542
63780 77268
7145 46839
53177 67002
14572 25463
56711 66490
33218 79158
76161 80352
84972 85905
27260 51252
22756 27980
21403 77812
27179 83763
36612 47310
6724 25288
21781 78676
61897 67265
10763 80793
81251 84611
59833 67182
81090 86151
22564 73371
18332 41205
71519 75826
63655 75588
52345 60607
49264 54712
51557 85356
13512 60444
79252 79827
63495 72979
43462 47180
76239 77930
24868 51049
44196 54052
6655 15569
24276 43452
27040 81768
12649 65062
4085 78417
6559 65704
59963 77631
69267 73420
40407 55484
37122 41041
36692 85630
42067 44578
76621 76945
82731 86001
5617 52586
58511 85774
60887 76962
67268 83103
12601 46644
21567 24405
29093 30663
5597 32225
31816 44039
75016 82056
730 80739
38483 67711
42364 82133
67635 69855
41454 77430
80374 83875
80151 82697
7430 65689
60851 68477
61825 74717
73373 77367
83934 84258
24635 78571
22233 33423
3432 20922
18739 81643
2043 53394
55112 79083
10747 42048
47012 66441
15297 68914
47626 63778
63346 85935
77217 83182
64755 72800
10374 68227
41146 75932
33284 33626
45135 71975
58852 59590
85295 86262
78574 86360
39327 84763
74419 84295
69179 78644
9777 19973
62074 74140
51255 52117
25891 33854
26457 85136
25787 76301
7312 66795
63469 78370
53211 56831
72484 80202
39025 76523
11242 35953
82647 85849
14263 37488
7649 42440
17164 39476
56915 68448
59491 66568
36731 55295
69362 84410
60551 81893
60911 66073
77923 80445
35615 54660
17494 47996
42037 64335
20964 80420
7600 71941
21216 40582
62594 72395
77425 81178
1407 29713
52787 73262
59148 60492
45689 68416
78733 84282
50452 56187
80455 85939
21310 39035
73660 78376
45906 80907
47705 85281
15414 51906
23245 70001
17794 76397
41622 48974
77631 84223
34160 55825
30959 34906
71813 80632
29076 57392
28032 77226
10530 75759
69067 75103
72993 73724
76723 84614
43117 64975
2094 20362
56366 56964
47893 71541
77634 80205
40746 71103
45213 83480
42836 55427
2464 28818
44268 53982
44237 79245
4719 10880
79706 79746
85538 85734
62801 66762
26290 62501
17512 71058
28776 50637
30675 47296
11358 19886
50901 68418
52612 70278
49389 53449
77050 77737
65347 71234
9515 36929
42354 42911
33414 33616
52793 65183
17524 61528
70886 76014
34688 83757
65742 66282
74914 75243
27918 40672
63047 75186
30473 55691
81148 83991
43395 52030
81548 84946
32247 78987
69369 80857
76639 86040
10250 84014
63302 82270
81752 82037
41068 51557
81421 81594
5156 55630
70714 84152
86153 86278
24981 64326
14222 72575
81280 85076
82863 85728
27876 37464
83225 85797
49374 61936
71547 73893
30938 39130
6547 74959
26422 29863
43289 80927
43124 53848
33210 74432
36540 77096
30769 63338
30011 46309
73810 77682
56497 72207
66249 81677
30875 79628
38588 45724
51416 83618
21413 29887
64524 81139
28112 61831
84998 86144
12522 27446
27707 40445
39329 76474
38289 82923
4982 8519
6601 60952
19615 27026
25158 41532
16569 71446
59149 85030
45649 68474
32051 36465
53556 56210
15573 34434
2088 17158
85252 85611
81654 85524
76249 78390
71906 76565
61545 73097
32276 84065
27736 85882
66120 75972
84076 84375
5736 59659
1283 74481
45493 45872
55492 74655
80050 85353
52392 57304
63709 69877
3358 32297
5740 27103
5927 79760
15610 36975
32283 35952
47239 53899
82905 84080
27203 47607
63627 65631
52435 62819
2762 11314
37171 50431
40721 85903
41416 81001
46871 63471
10895 60102
45493 54029
5751 50498
77636 79536
40999 42037
15760 41068
74852 76851
53510 85226
28269 84172
388 13889
60913 71382
73962 75296
65231 66148
65000 81817
40410 54176
1516 48827
71099 71650
31491 76762
54952 70311
38727 84352
76460 78473
3403 43161
68217 77002
82137 84007
48854 70244
1715 10677
34140 58628
48815 65435
59273 72255
43745 50349
69306 74026
74897 75067
19575 83066
8655 66832
69852 72423
20767 53707
77071 85413
4317 4661
70069 76775
7386 36372
14151 58301
31001 46700
58177 78491
18196 54374
65722 68226
24313 42669
59128 75059
85455 85807
74390 82677
51413 56717
35565 73351
24572 71071
24373 67464
28353 44459
4847 68334
27211 76444
30497 31414
30724 54768
13263 79535
55574 70035
38338 60260
12158 15004
8769 47389
20519 35572
52543 62464
8892 50999
71307 79344
26817 57107
2270 15487
8682 51399
39270 79278
3449 10554
5967 75012
57425 60309
6790 42053
14713 45213
32035 51826
29649 72324
63002 75116
18423 60577
85862 86351
63366 76570
43204 73705
44781 82986
45729 57566
2840 73345
58051 59875
47579 66145
53287 73108
68087 84293
76943 81308
21190 57165
5302 57848
44537 46274
20400 21549
82427 84319
28030 40983
52387 85489
6653 6997
71974 74293
70116 77566
23345 76888
31484 78761
24883 25422
19629 60918
44411 44420
11913 42816
19989 76796
58052 59452
84482 84930
5166 83813
52321 72025
36130 81533
24814 29579
79504 80810
35286 58750
59447 79583
29222 72530
51692 84124
19953 75886
39712 74394
65256 67718
45093 55415
37255 70788
10912 62233
86283 86291
66394 71357
82834 85302
32780 57470
5012 54440
37382 82616
63269 67149
69015 79168
37114 44327
51023 61302
11720 35131
2400 62189
5664 8649
83187 85331
26676 66898
21945 59688
25026 74776
67285 75601
24344 39095
7517 75885
21329 49977
83641 83670
28041 84705
32600 42189
85082 86163
28876 60075
76954 77418
51637 66926
35523 50170
62952 82288
56802 79432
57147 60816
76804 78335
7016 40300
36513 70846
8890 54902
64555 74607
59799 83141
54158 55397
21362 35541
57252 62948
75369 82006
48425 52794
16910 46298
63843 72250
78697 82110
16221 58512
58487 69349
28310 83465
45247 82746
5535 64818
54060 82992
47856 83722
34994 84717
71731 76605
62695 72996
67331 76624
66478 71115
4440 50322
47437 63502
70340 73895
80561 80917
28961 44508
4887 29059
45703 84784
73802 76161
68627 78481
49312 81629
31703 34020
32128 80597
40545 43436
42826 80017
84591 85800
22401 33822
79587 84774
852 44654
84655 85764
16854 78236
46945 51988
27878 60681
25518 56150
63864 68958
13418 56516
64409 78949
82301 83187
6446 63954
66352 74470
12193 28226
53455 80400
62565 65015
47166 50312
32841 58203
24264 69463
22869 60603
68 72995
55700 72001
57649 71226
63534 69279
8436 58425
65476 83207
55539 78865
51890 80096
36548 69395
78378 79623
43567 72616
13419 73398
30773 77506
49003 74316
17688 27221
11853 32755
70911 79123
51520 69067
50619 58152
43548 53842
46566 69799
19006 37828
84681 84771
26742 77004
207 36462
11902 85887
28589 49875
82378 85574
31839 35334
17957 48028
66464 76291
12656 63534
61435 70608
73034 76652
43597 70244
52402 59584
76083 81121
18003 24500
49486 73782
53444 61793
67454 79339
46403 69256
85611 86285
75615 78990
23643 35508
70740 73343
59907 75707
184 7842
38701 63197
45338 47611
28540 85840
29056 42600
2914 64331
33612 59444
11904 83160
72168 77351
34431 65711
77548 82405
80957 82644
65846 73879
24689 25606
11942 19645
34693 43924
65861 72482
20310 44275
26870 34659
28664 68262
64992 66060
877 10387
65499 80814
77945 77954
8488 31410
37052 62091
60391 62557
32613 42981
57653 66953
63468 64913
8311 54839
50255 62380
82557 85640
23277 39006
76392 80574
40206 82854
68144 70999
54610 65798
83586 84239
80893 84169
28644 49371
36155 70049
22438 73126
5624 20120
74220 85638
40468 53273
21848 67088
26927 78865
4987 25826
18209 23059
63930 74553
7145 67735
14948 81732
5897 83432
41277 66630
76059 84371
67391 83631
84369 84806
77679 78826
38944 70764
46917 69298
79817 86111
7858 37282
21011 83722
77340 82136
20446 50541
66875 76776
53050 86034
68626 83208
45711 66966
68431 82653
69644 71411
82354 83544
34967 49799
3987 9788
82918 84692
53258 82373
31124 58945
27013 38191
35138 68434
1436 22289
21291 48037
12952 14905
66609 81141
83510 86022
63191 74984
19225 70790
47067 70328
46805 70197
36421 40636
51563 81865
28750 81960
492 31928
42551 45886
76417 77921
19997 49243
35479 54441
79243 81409
55712 75867
26077 63875
33423 40453
15329 37763
11098 32585
71527 72128
29963 83462
44412 60385
9189 82335
17706 42133
18946 38253
57784 65835
30657 46215
39496 52532
72337 79463
76313 79054
52640 60331
5444 57503
11670 53207
33889 53918
38867 84768
46703 70374
53951 86358
62044 63081
59742 72265
28813 65901
16911 80519
57139 75241
27133 45664
48570 57340
8772 56866
40418 51695
68810 70987
31823 53797
10130 45210
39497 66003
54389 80064
79282 79417
49906 74171
6270 65318
10722 76705
40088 86189
27532 42396
2651 5302
77216 82335
78713 80222
3836 6004
38268 70548
21997 74228
40890 78179
43951 75841
84724 84770
12125 63523
75045 75841
14048 17258
80986 83696
61468 69202
39708 45761
1970 35042
65875 73793
39692 78855
23041 46451
41769 66065
21548 39584
36287 69145
1491 61841
79248 80302
16073 47371
37871 71601
33716 63875
83289 86278
80717 85082
62485 76693
34409 41715
32062 56217
39019 63636
12075 36934
7192 75574
77318 77468
47428 60909
55608 80147
73889 83800
6428 9869
11950 85981
26598 68096
13586 22030
11714 39727
10828 82903
49830 74712
13697 47552
29823 40211
31179 52895
73117 82254
76810 84506
52508 76538
13509 61418
46831 51597
31123 37684
42553 62503
57674 79965
70975 81253
47478 82084
1216 20618
77369 81908
49947 70430
51268 67151
29932 83112
55494 77328
33346 44730
53437 84674
59527 80264
74527 85636
85291 85725
36485 80289
20332 68561
28336 28552
47530 82603
31489 31642
78382 80847
19081 42613
42540 45566
26130 41969
10984 83352
20854 54962
36098 80856
81583 85533
76318 81500
10406 30410
86070 86155
48557 68804
14358 45931
31266 63671
58184 68470
58920 79668
70340 73551
53428 76190
63392 72740
3409 8661
84974 86331
63512 84124
11145 58928
22983 82179
69840 74673
30527 67243
23705 25095
17849 85661
77755 85519
59940 68772
20019 39374
20555 75084
42760 63084
36717 85815
18170 57172
5871 45257
8673 77060
77506 79733
46084 48783
9197 56043
77302 80706
24429 61920
27717 66198
45531 46053
17463 51277
68159 73737
62659 73782
23698 86104
73154 75748
81273 83190
5820 9335
80264 85570
58197 83512
10451 64020
67273 80307
61503 68853
74362 81746
57327 61731
64432 71829
17685 63230
76819 83781
36625 61721
17329 25983
20221 37486
68379 69143
2342 31101
38258 73838
15679 23648
67896 81667
51007 61250
47492 51921
33555 43927
58001 61946
80056 85557
45915 78835
58999 73459
35523 39301
48271 68656
85931 86199
28603 30697
53683 56804
58373 63722
19797 79552
49128 77419
8537 32579
63416 75595
72615 78451
49079 85625
38581 39571
9535 26994
85325 85537
52825 66874
66333 79245
75210 81268
49787 56867
36467 74203
72373 77661
47601 84866
11097 48539
77982 80873
74415 79000
79589 83474
38629 80539
42171 61275
35501 39171
51118 71539
42364 47019
26313 72048
13372 27207
19519 72343
52257 82799
67860 83987
27823 28800
39679 69947
64626 65873
49735 79163
6671 72606
71097 79369
34609 42919
40452 53641
44973 77087
86275 86292
80825 83125
24663 74527
76055 80191
84667 84885
3724 61735
66286 76481
65574 71716
81094 83002
5584 47142
45571 83920
270 4607
43454 75621
43172 85957
76057 83350
78006 83790
52266 69370
25010 44647
75487 78951
65217 77442
1485 32542
82975 84666
82344 85403
43058 69677
80005 83582
79637 79721
73874 78311
68801 72034
85456 85551
22078 63808
60672 80148
15077 58784
61375 70924
21625 60759
40478 58787
83665 83931
25207 79662
76099 79192
17859 51535
10865 38379
25922 40878
8848 36682
61021 76345
15339 46525
75906 83744
5977 16242
84892 85812
54626 72303
67578 67657
14477 41023
71182 72159
55750 74081
68181 80401
30934 60108
76633 80368
19364 49689
63083 70958
78503 82573
29128 69022
30373 57734
22524 47099
76747 77266
15467 81226
62978 71528
37395 40364
79795 83215
13599 42436
42640 78672
6897 16647
73219 76988
83535 83789
46205 69984
41589 85080
45353 67523
58727 74752
10718 74957
83277 83293
12125 21001
75867 78596
39651 75648
22579 27444
138 12232
62542 73757
24320 52326
40505 50011
64272 85650
40980 68226
72687 81071
44459 46633
49150 82219
72028 77204
64354 84528
62536 84895
54253 63977
52235 57939
49740 70769
3118 74111
38286 61082
85686 86072
57419 60188
25765 50178
28813 68077
49496 76704
76966 77448
14418 48220
74211 79247
75758 80943
70422 79900
51786 74454
34643 36399
30803 34048
28595 69772
11168 84224
40091 55654
85614 86037
21543 80524
81776 85558
58690 67682
19672 44217
51683 59759
61109 68652
4162 85630
19589 47964
13643 80528
17636 57100
72385 85103
54648 83453
64978 86149
16456 66489
12515 37987
16960 64208
5753 68681
12010 13034
24661 60878
29613 41016
62579 83891
16885 62568
20659 20897
55980 60564
40578 66743
53890 74012
34850 66486
77995 78975
64584 66039
66176 86359
6640 64874
2768 52843
40343 71197
78651 82648
38139 57540
2488 74308
60737 72108
29471 65697
51698 63417
38188 53459
62538 68989
42523 59097
40132 48326
81659 82512
48876 68397
86266 86400
19137 42299
59459 78440
6694 22416
70288 75566
65617 67941
15729 66818
68842 78508
19427 23335
37544 74794
24832 58462
42801 74779
43860 51931
26470 52067
81144 82391
19259 75010
62551 82156
68956 83904
29876 62110
68365 83756
84873 85541
9206 53521
820 15040
52011 57458
54888 70401
374 19506
45477 83364
62206 64563
45403 61772
45075 71794
41092 45244
14694 78555
84815 86334
47449 57421
38904 85533
27648 39756
6639 45834
33352 42816
71767 74990
10064 58172
21752 53119
49001 81831
67695 81001
5256 51297
14229 52882
808 27498
17439 62334
40114 59839
13909 60845
85760 85794
82394 85204
66459 81328
36335 57101
68573 81825
59825 69790
17888 24057
59929 74795
57038 85221
17012 72656
27993 85350
77781 80460
76973 77562
48074 83782
8439 19881
13839 37925
84291 85725
23155 53189
428 83112
11721 80403
49854 60673
64575 79258
50993 63910
66279 85213
42856 46840
12556 85927
38752 49516
76667 82043
36755 76819
15396 80450
53081 76256
1198 82672
85396 85938
76167 80496
68014 86007
52591 76428
70620 82688
77474 81575
65521 72344
32685 45131
49923 50725
60369 63719
67726 86232
1518 66153
58390 81195
20874 85106
79628 86173
51292 77639
12820 21945
51020 80420
66493 73786
63168 65096
79366 80480
85897 86018
3977 16115
52471 63726
75589 83863
54294 70377
47766 83550
52094 76846
61992 62598
82729 86086
6612 17032
72592 83757
30402 40561
31376 55439
55248 63501
85661 85980
35770 67371
1837 82569
80842 83176
3983 73730
68044 82462
42989 82264
8131 37388
47684 69316
60362 76879
79406 79807
81337 84101
45701 47896
20476 27564
82531 83849
60454 68121
22546 67263
78666 82172
56920 73970
9970 14500
16806 44343
81418 82383
70672 84483
2084 84576
75445 84507
65579 81763
32434 84936
47395 79903
48544 49743
64246 79200
29461 51534
23948 24156
16306 31956
16419 74165
81557 85547
70087 84074
73041 78560
78115 84773
80919 84732
39513 44417
42997 55768
15684 41310
1592 74699
41935 76477
4359 58780
80487 81514
16967 19119
56356 72669
62985 73479
43867 60949
19313 28623
69718 80132
57397 66204
49502 84502
6299 34770
30205 73904
63663 81144
65851 81716
50882 62796
23206 33819
46745 63658
20982 44782
33284 71154
7130 73252
39753 79577
40564 78418
67580 81608
33100 52056
9496 9683
38579 41815
19380 25899
23211 32004
43471 78230
9655 32888
63761 68123
15821 70706
23798 43378
3571 40657
42115 66515
46274 48130
25121 79231
57404 64681
45903 74688
58989 63625
48887 59110
55596 73519
73585 81655
34927 84319
45165 73612
22798 48185
22764 63586
23331 31112
61808 70450
74080 78199
60979 85573
12118 19783
40864 49896
17094 53674
19166 38458
24111 86134
81288 83860
30994 66914
83340 85831
25218 55775
23195 54629
84273 86335
79545 85701
31684 52385
164 67747
76418 79904
31749 57713
83886 84377
35588 62557
69002 74246
24651 31455
33357 42634
19504 65912
17589 64480
30420 41149
10809 39900
19240 82551
65271 81768
56179 74584
20853 76965
50517 59568
31630 39369
75189 75714
58070 69020
32453 65682
3231 36406
6825 64644
81205 84126
85544 86386
84896 86077
31892 76463
64149 66677
3859 34765
41157 61544
48452 63533
83089 84185
42273 50475
42064 58538
44025 68009
49828 75126
5672 21027
70616 86055
12468 78092
12334 53051
15382 40815
61694 64386
42924 84747
25258 72755
33391 67390
39525 45676
38499 54214
50871 60660
72743 73761
55559 69230
50159 68226
67101 79160
48534 50832
3345 32970
25893 79812
3962 53416
45539 82876
8211 70213
63185 75361
74772 78362
16428 56297
24489 48333
71355 71571
76484 81766
63451 67517
8212 84999
74577 77901
30352 70352
14878 76077
78516 85399
37155 81692
15030 50317
4198 62546
40330 81819
25791 59110
35513 67312
17684 72385
37982 57014
71185 72653
37269 37736
36850 39154
68026 82777
59006 77154
67972 80755
2873 55136
44308 73364
46334 54944
33598 60639
49834 54351
83002 85194
67273 76033
67759 70993
11681 11975
33574 43976
40501 67105
86202 86205
71987 78747
8543 50600
29858 35022
68429 86393
78980 85179
59545 64236
34739 50380
18282 75753
39725 43547
175 6871
16750 39451
27157 46012
28995 56898
58896 78521
43132 66224
7262 35365
36514 85901
39984 67145
4575 39701
15771 38351
51076 82364
43600 78732
48711 70569
52631 57082
74469 79117
14083 68623
46592 86262
79891 84326
43247 45461
30154 74843
39416 47156
28797 60208
60628 84906
82325 83236
270 60308
43867 60800
73908 84275
38734 48062
39244 81354
43482 68241
47370 77446
5869 67442
46506 76046
23478 83151
61282 73842
48546 82881
77994 86043
29281 41811
28374 44152
84437 86140
17102 31908
81509 83984
24454 58347
73058 75719
33445 54174
84593 86109
68549 84930
42212 57187
68281 81177
36730 75275
14869 61392
4103 85873
14505 22353
25427 58130
54700 58968
12695 77648
85388 86027
21237 84772
18033 76607
48306 60966
22817 38915
26147 55472
49417 59468
34527 58714
63248 86215
73173 77624
31790 47465
34097 41853
33470 34742
7611 7683
86129 86294
10029 29278
23534 51522
31159 82729
52710 68704
68066 81092
32797 33771
56731 78095
77514 80210
76067 86314
33575 82811
85731 85912
46894 65926
59575 80122
35129 65183
21243 45465
44274 58118
1883 16376
65498 67538
38692 59567
38739 48454
24192 44528
43644 52851
4264 85605
41434 84721
29357 49792
993 79666
67493 85602
51651 60778
4760 67651
54234 76598
12574 46206
8496 81552
25375 42444
11822 37425
52584 86353
34087 84199
42619 71692
70240 75186
22183 69601
52361 84591
83908 86059
7083 51756
65538 84832
85044 86158
84062 85736
73608 83710
56970 64958
30717 70187
30855 47501
53614 66537
39288 78294
39130 81402
42061 67317
6283 30358
19785 65889
69604 84494
39638 49717
56317 82869
1521 38845
77031 85318
1204 51998
59873 81145
78303 84730
66967 82398
23564 40983
77922 82235
61974 68480
56230 84036
59166 66428
34147 71622
59232 76699
10741 42481
54717 73372
8789 45153
14976 38382
57899 58545
50784 54229
84598 85163
44952 65695
32254 61470
26260 54592
61126 68877
27495 74272
79223 84832
78090 81807
71013 82561
72783 73496
7482 14804
60912 74719
78260 84613
56990 62313
23597 27102
61087 71272
28525 83111
78314 79227
61573 63791
37733 65458
62795 69273
81678 84096
64509 69780
57661 81049
55040 81670
40387 78967
63088 84082
81463 82932
38000 42571
25406 51178
42589 75547
85450 86024
13664 61025
27531 68434
67643 71746
28497 78875
51076 84341
29341 79767
71103 86085
65699 85344
28876 47635
46589 50575
47277 83727
66068 74408
81641 85406
65227 80908
51796 62189
46460 58010
76916 77921
71313 72950
65866 77158
20780 71297
49504 75642
43863 64625
28093 78682
4841 34568
84319 86318
50874 71622
55394 56498
22172 63937
12340 76697
80357 80868
29362 58870
32337 49293
35853 39654
51825 77208
67785 82930
17824 31023
55618 67152
73971 74462
73227 80304
66470 75712
34423 65045
69961 84181
6619 48032
83129 84628
65193 70947
62590 69578
84639 85735
19848 55553
38683 52633
3562 26836
8635 49892
30378 35122
19088 85707
45170 82355
83372 86275
42960 74170
40645 51395
74081 75158
27008 63756
54822 72344
48487 59513
31570 52885
73849 83622
25284 67487
23578 44113
35677 75853
85056 85862
50202 58077
27751 77336
9738 55879
22668 84343
35558 38265
4095 86148
66762 84698
6796 39340
65817 79011
60023 79345
9702 58739
74617 75756
73941 83048
70849 84255
81476 84994
71155 80428
75252 82560
67474 73914
56022 75412
31229 35505
31852 82143
17168 79168
2611 3467
20345 30574
16657 36874
19047 71088
54337 76708
37560 75762
1822 15418
72348 84491
2134 63747
13563 23987
1584 30132
66516 82993
22107 50310
83485 85460
43036 85798
60708 81199
15398 34406
34675 75068
45298 55273
44083 77187
57894 77008
2065 52186
24184 73287
60482 81638
21535 46634
71910 81785
58438 85419
45294 46595
50530 80056
447 36457
81918 85077
2042 48583
28660 70145
64941 79201
41171 70753
22625 61283
76665 84644
84938 85244
49211 50773
20573 20754
52780 66868
28148 47498
45585 74315
78701 82126
28120 41702
70796 83995
19774 55510
74000 76065
76801 83419
18117 48927
81336 83370
49148 74737
64039 85884
51363 80353
84871 85469
84829 84953
26478 58878
81485 85123
6822 59835
49126 69316
52284 71495
83756 84414
66095 86227
2359 58287
25001 70636
33213 75590
81046 82846
53887 64861
55622 69145
20896 46165
48180 82685
61514 66834
66343 81912
28267 32071
74930 82823
74039 86067
40283 75161
57989 62283
43652 44780
54993 75862
9858 41319
42624 69663
66527 73525
82803 85696
27933 81297
70687 77587
16969 27206
24022 67484
79880 81827
13926 37031
25636 47431
60877 63973
65339 69813
28442 75236
30750 40886
57530 85551
38202 58392
67659 78355
29059 73310
77825 85984
79529 86177
68766 84007
24559 54701
34567 44719
20083 73515
54127 62846
34298 49967
2301 40229
79645 84427
64000 74218
32500 69982
42124 67880
16782 46741
66608 67858
73453 83855
68477 83517
37424 57174
45753 57457
53382 67400
19101 46514
11403 32775
32109 84582
39602 77283
3223 64037
3945 44638
12838 20319
40372 60004
24633 76348
18159 52036
25588 58721
38536 54639
6902 24611
14874 85425
21 83014
30852 52358
16077 59617
79811 84119
14534 24600
43435 77452
20089 20977
79394 80729
76301 80199
67834 79617
77936 78642
21393 25169
57096 69917
44743 70278
55696 55840
66387 75002
42981 63858
39963 41683
55078 75538
53744 75475
28883 54451
27717 43540
71353 78271
75342 78618
43931 60523
65861 84912
13645 51485
84593 85850
5401 15208
45053 65134
30149 33245
71947 80527
26891 29049
70895 81184
9651 51952
52178 80721
67737 75979
22900 63258
39188 77063
61950 68469
2235 5479
78607 83334
3889 20280
7720 9197
47382 58819
79710 84089
34181 42519
11152 44137
4408 14127
51299 54742
40608 63102
52638 54984
69272 73040
6349 27799
9675 38345
7246 49931
8440 76179
61083 77308
19184 60300
72582 77016
46064 54195
16713 37611
58709 79563
70211 76676
2380 34333
4255 17311
16899 50865
70198 78692
52279 86116
74783 83324
85424 85907
45027 53894
71241 72094
66021 85471
59692 66268
81438 82852
11709 81951
379 62065
56692 80117
2050 8263
61872 84416
45382 60332
28522 67137
19383 77290
30228 40333
31479 49871
448 83011
51592 53078
73262 81287
9518 46493
40429 66787
67614 79967
1446 32066
49351 79291
40965 61692
2735 38277
12589 49619
84797 85025
56574 59819
43573 84755
55299 74841
13573 50146
73894 75309
79270 85674
78435 82834
56926 82902
33668 40204
51787 63760
23898 64767
73262 84259
57766 65446
30919 64607
67889 70210
76379 81756
6316 73304
38106 84948
1125 13353
20886 37120
56981 84212
17227 84259
46315 61208
32188 53537
8335 80510
60838 82415
7364 31384
30431 86002
33275 34730
57057 67923
40195 66154
56135 73122
60136 82403
68010 85388
12766 61937
42005 46572
6725 6792
77331 85050
66393 80455
71030 71458
70753 81719
6524 22227
45274 58255
46328 60041
38182 57284
25186 64688
16559 69625
60100 62693
7500 26181
30084 50861
84839 86352
28800 66039
30243 66673
84716 85896
70624 72157
53779 54113
53754 58739
14578 60168
76899 78202
63333 71970
77873 79162
15946 16571
30915 44296
68869 69894
39894 50907
36747 51494
38267 59166
82605 84543
81711 83074
2057 77824
57027 63945
72696 75370
20075 70488
81013 84755
24114 39003
33902 52839
3614 63130
18808 20799
78776 82489
77374 81410
85679 85750
68079 71367
27652 32428
70542 78677
42753 75409
22158 84157
71832 75989
73983 76979
39801 78715
71476 72302
48531 71206
42774 48449
64048 84855
52354 71848
39658 66144
22382 26076
86054 86141
20317 74400
14208 38320
30908 39480
72994 85305
16018 42270
16653 26369
502 65639
69408 78860
10173 54843
47949 85570
34038 78187
70954 80548
18608 62705
2906 84891
15695 54007
50474 56067
13903 37167
6202 79651
34653 51329
55995 82174
78227 85510
79564 85296
35311 67205
40857 44475
32575 63144
33874 36422
44212 44229
79504 82254
44763 55715
42699 77805
15312 32686
49987 85566
49389 74582
10823 28274
11645 64485
59344 68312
33776 76716
16865 24728
80099 80754
20713 32432
13233 44473
10791 64677
31700 66817
12644 61366
59124 67805
36762 57339
79403 84931
18237 41254
69174 81158
12930 29315
63658 64594
57516 60297
7797 77494
65794 72186
73752 77526
1779 32423
85111 86370
41741 76689
4563 83074
32349 77098
86225 86228
41250 45658
17260 46913
16051 43542
63874 77488
45208 54831
70290 77426
21248 44786
48676 54860
82741 85845
43877 56419
36145 66222
10120 32148
8079 20855
52713 71809
1555 17808
40330 81784
44296 70619
73381 74375
7769 82728
1648 43334
5019 55933
42007 44777
73689 77051
37895 62447
60604 73621
35050 76133
2406 32980
58111 74607
67554 71199
81742 83762
3145 71677
76915 83112
24389 34507
67495 82434
85402 85904
78526 84053
64905 72811
72715 76646
38275 81478
61802 72887
48918 78556
33425 58533
9316 54058
36621 68781
18638 63596
19085 75335
42038 70059
53122 85298
11507 25999
55214 74048
39681 69061
73038 81033
6110 45974
7415 33152
64503 78986
68043 78117
33211 41563
56238 75065
51578 51786
11756 35634
55619 83047
38311 58160
26112 40744
3046 79454
451 3704
12407 33354
7587 12577
37093 84086
69642 85387
33795 45050
15737 65255
67356 79882
26571 82826
68308 80422
49514 79982
52024 58226
60402 67319
28689 56594
19108 65037
4825 38677
1656 85504
21208 22150
16591 47366
80420 81141
80162 83034
18086 18895
59968 80955
69374 81841
54814 70557
6557 43641
78623 80367
5471 5575
19190 80390
1556 8079
71762 85568
8205 69856
8928 85202
80805 86372
37232 73286
143 15355
19026 36587
39920 54527
60905 82979
51355 64020
40932 54203
16100 56002
328 39322
11989 45091
23258 23446
80351 81225
79952 81295
35439 37562
4665 56726
27061 32119
15620 30210
38831 75781
44282 57433
53370 67417
61527 63123
12100 58927
25726 66499
70233 82718
58098 71929
41265 66211
15416 18149
39104 52928
43372 49174
53132 59211
84683 85611
85107 86202
54454 59996
16788 23044
23412 38755
77877 81360
71077 76550
39397 40546
35164 46547
66113 81476
64408 71452
1315 76157
1121 15750
75776 79049
48263 72968
54097 62593
28736 58617
42656 45389
33102 85779
498 28625
40879 56534
47436 68378
49300 59543
37033 51544
23790 40161
85670 86009
82382 85332
35131 77837
41429 59435
18938 30784
6531 37848
6415 24599
85113 85529
65633 80877
19634 75965
4979 52088
2903 32623
46051 77971
51828 79480
53913 61864
23189 34266
21185 85778
1074 46362
1006 22726
52355 79544
24378 49434
64396 67529
20824 30056
9154 65854
45575 81202
17678 28612
2428 48020
27830 36863
817 11271
85656 86096
635 64741
85683 86060
14195 57845
83202 86368
54009 83977
56211 77252
23 40388
29519 63706
63729 72009
84621 84637
7510 61364
27387 39326
68892 69056
21989 36060
61094 86015
7122 64089
62618 73191
53969 66107
36195 49850
39153 82915
43625 61941
68823 71594
3330 9708
12467 56575
17677 77718
18103 76603
16586 37158
75416 83863
35419 85800
45206 76319
3630 17638
30902 62667
11838 26061
56226 84640
22615 46862
42068 64487
33706 37083
37822 53621
18570 41149
77964 81127
36308 77325
13469 36243
37156 53478
77321 77328
37804 42690
57016 67022
51794 76211
81596 84138
51532 65585
31030 32552
53519 64261
39748 50081
71555 73677
48228 79695
52460 83719
69207 83676
66577 78476
42959 49219
61986 70669
64677 78602
66033 71319
38245 71204
34795 39175
33146 80024
72332 82335
37936 43679
3078 34997
14621 29930
75809 86261
84612 85680
17277 62749
26515 34869
71644 79243
40711 60024
68035 81458
17964 50262
45154 80603
85720 85746
59312 82448
74102 77036
11330 22713
38145 64288
61478 67961
46005 58222
41630 68161
15349 57485
13571 68874
69708 83448
49020 81851
77083 78148
48101 76630
62787 83468
7253 24082
31651 59518
22788 68875
39474 49941
24039 58297
56127 71234
82404 84446
13015 42317
37339 53690
77982 79963
81095 85118
66789 84245
9378 80227
75412 78234
19623 79075
50814 59765
22503 49831
85667 85949
64220 86037
40874 45930
78696 79573
67306 81917
70311 83292
83351 85249
75362 79501
47001 64846
82107 82329
18550 49510
38729 69252
12489 80833
7990 73383
61524 75118
25888 64309
18363 46403
76975 82180
27222 81498
71514 76634
29469 71062
19631 27394
31352 57379
59749 68846
56017 59241
39794 57253
57864 85161
61782 78808
81785 85369
49315 80931
63252 79971
34312 75666
66418 69295
56612 69104
61162 66816
65017 83369
73328 79843
62402 79281
79579 80701
68791 70958
2244 12169
52761 66181
84419 84889
58981 79244
37902 68637
79799 84707
80278 80329
6517 45816
10316 67691
16628 72349
47470 53995
32073 32216
50458 68118
80010 85375
5509 48152
64992 81565
51747 65907
2558 7278
57133 58459
81457 84184
37275 71995
52805 71637
79595 82421
63349 77331
49085 65884
27358 39379
54518 57471
33505 37282
11204 52447
14930 17236
74212 85399
50473 53254
46474 60233
57118 69962
80315 83477
18622 63976
20742 35775
71422 77164
72268 84353
7224 27916
19452 76872
27125 32061
19246 41246
58337 80119
35392 52896
51368 81576
17074 82422
14815 56661
8307 76492
74081 79088
42893 73966
67608 82804
85054 85351
17843 79308
12922 56235
39381 42632
47361 81138
83624 85834
48275 59272
78007 85856
12579 63424
14191 65145
51036 68877
85093 85614
53209 67777
2157 8418
84589 84765
38963 51165
3484 49301
63860 80310
29606 58855
56503 65969
21044 62043
49848 70465
65271 72996
82967 85721
16646 84004
13704 76158
59817 63123
9394 44827
53079 84936
31590 48677
55480 79002
85735 86032
44500 77795
65526 71569
85032 85283
68581 70686
856 72489
22053 29886
27560 56295
48341 85967
73642 76910
36914 60775
44711 65601
71214 84138
69453 71270
72188 83496
22627 78052
84110 84683
56569 74553
46867 79628
78916 83275
70377 79205
60878 60999
81333 84532
46670 65505
7725 81855
81239 82267
67115 83256
77892 80064
37856 83767
21482 28732
51993 58619
49947 66045
682 35701
78339 80898
23378 55845
63516 78676
79243 81888
54795 79808
82576 86093
11918 34901
3112 29625
27721 86143
31495 78982
18634 62767
66693 83645
82237 85037
12442 13958
63203 67335
46944 85938
71004 71162
44469 86096
2630 61699
8123 8515
19333 20269
53220 75358
44472 59914
33711 44705
7452 68357
13143 73682
85605 85619
72776 86062
245 50485
936 59081
59302 63747
32515 53541
3122 54584
21428 69603
65617 79931
43642 78899
67766 68289
49818 67612
20417 27396
57898 67617
40961 43478
85362 85987
6627 36954
7101 55536
44603 45012
77922 80310
12742 45426
5049 75831
18517 54601
32836 85369
27450 76216
33761 75876
65943 76337
59201 74142
46634 75719
14534 20891
23716 59357
23423 27502
85165 85534
53831 63635
10697 43314
45699 76181
37640 47873
48816 69134
29144 55484
45016 63337
85973 86251
18390 34600
58214 78151
46394 51742
43790 86201
7888 26315
40439 63739
60625 85487
50515 80772
61009 78271
40413 81145
29728 39051
60405 64905
80399 85905
31636 66056
51682 55821
68889 75063
38031 73064
69327 69734
68998 84940
77625 81059
13974 20951
81624 82035
20542 39129
28262 60433
56785 85283
16051 31237
74475 76957
7974 32206
47737 76530
29931 84981
51378 80968
80937 82683
24952 42049
63764 76083
75700 78557
41039 59732
1755 2327
47948 63085
11797 49275
38357 83196
28295 52258
48113 57421
41063 49374
70153 79147
85739 86294
67298 70592
37911 77330
10155 15607
25369 68657
24411 47116
25889 62932
74246 79759
69513 77385
15833 43184
32283 42135
13723 26914
80967 84857
34327 51692
10159 50243
73114 81065
42646 81190
13941 48159
15958 31058
73076 78975
44681 49683
11732 35691
37678 65381
47952 67654
47763 58944
58650 82784
33375 41815
60869 63299
83298 85814
31383 36947
72090 86344
82131 86207
14363 52024
54895 58211
7909 10768
51355 76053
74645 76392
11266 14468
74753 82879
22809 86312
74851 79233
46476 69938
77995 79408
43382 57027
79245 80700
65076 73695
54565 54648
81333 83997
28272 57582
34382 47322
56144 80679
61745 82971
63969 79256
79772 84691
21449 73942
70924 77871
14416 19141
55207 82661
35992 39042
979 58145
4185 64628
53521 86091
8300 30774
20260 28410
73948 85433
56965 86366
9869 53350
56877 81293
152 77282
12047 69682
19727 29150
74267 80821
38922 44969
33454 34628
73995 79515
35522 65592
35853 40898
71387 79500
72825 75352
59327 68725
14989 22993
68457 85290
64498 70395
13399 61135
73270 77630
57329 81859
30606 53940
43988 57818
20319 58031
67034 83200
83435 86275
5485 79828
77102 80093
85681 86284
41511 70316
66179 83917
36197 63277
60794 64780
66024 71256
46788 70964
69930 84232
86126 86181
40062 49490
57479 64071
67468 75129
3446 51412
14682 21758
51240 54250
51189 86295
34333 81872
9625 14983
70596 85713
63219 84276
1839 43403
2012 78415
21835 70197
12122 56806
10561 53903
48497 53928
29477 46603
16625 61122
22870 43735
10284 85835
76126 81753
3605 24720
81748 84999
85377 86186
47229 77548
62774 81885
40920 59950
4957 48603
62524 67091
11356 46809
19395 85019
50156 70463
45764 46285
49342 63527
16127 65045
2075 26710
60543 60621
78831 84373
74561 83597
41368 50558
79749 80296
28769 36618
64406 74497
61277 67693
71935 80811
66855 79929
81226 81761
72081 84204
48106 63128
41434 53596
81451 85674
21907 81772
71765 78951
8204 18504
36544 73508
56644 67760
29164 30275
84779 86254
28471 40697
64768 70754
64365 79763
34139 53082
8548 60333
59743 66831
61045 71705
47518 53518
9456 79332
23669 24910
8763 43436
83834 84013
41070 42334
8400 73473
10931 47366
67746 80600
79123 82682
23587 44271
78085 84255
79978 86097
81731 82597
82021 83665
10087 32800
35466 57783
841 5814
15171 48989
48582 75658
51199 57955
81692 82944
55301 60903
5376 85928
77119 85735
60587 64781
48225 51910
81133 84830
30669 54723
32192 82466
3378 6039
18285 51696
70206 80549
7275 68063
8925 45347
17834 26805
45859 48309
3877 58619
74138 76305
45185 60359
77147 80196
73732 82240
71350 77814
19499 50754
69050 72842
79320 81407
35137 50381
11498 73760
24656 58986
38445 38881
36243 78347
20965 74446
49270 74302
74454 85826
14381 80767
67990 82946
21115 59189
30462 38571
61761 83488
47436 63994
48777 74959
12160 85347
79174 83414
44051 45639
3833 24856
59420 67593
31984 79644
39719 72465
34756 42044
70868 74737
15916 29740
47125 77326
58641 85340
13996 59278
64926 80683
8634 70424
20729 65263
54999 75158
39249 84901
76860 82491
46119 86203
43325 44379
60594 71519
1733 71758
77618 79754
76954 84855
49849 67278
61917 77494
53081 84805
35084 43228
456 24079
8931 81197
15097 42992
11943 63177
44885 66443
72727 78908
14410 27462
1509 48839
1940 25141
5523 27410
37101 40228
69968 76352
56499 81817
6606 18381
4606 57380
48720 49574
19396 60741
38607 85147
65681 71556
63442 81705
70388 72563
29945 85447
11094 42278
3293 52147
63661 66578
69545 77841
80729 86185
26134 80362
11522 53681
19279 55114
14499 71519
62468 85264
14603 59442
54621 62697
47135 49536
5010 51244
41160 47092
79497 85314
75735 81731
62441 85372
76336 81305
17080 54461
36652 65233
75557 80760
40495 47979
38314 56972
86174 86221
34589 70428
68010 71385
66275 67351
45178 78146
22845 36161
72219 79857
69683 79725
52634 68189
42155 64061
54825 80386
32840 67161
39490 64841
32012 62645
11166 65443
21018 49859
25783 61513
18783 62902
38740 53104
17518 40209
75113 79845
27687 73088
15998 34112
45817 82203
61298 80160
81564 85850
54695 67318
61075 62457
44804 63926
32751 60170
14147 68274
14359 84503
66722 76474
58440 78233
23109 60329
75956 77516
10809 27341
28473 77269
55546 59017
62573 65100
57040 67074
44878 56038
77156 84423
27099 44037
2177 85510
11212 43100
12133 78588
49017 72609
10503 38129
11984 36097
31449 40537
6896 65030
81176 82512
71569 83455
39880 66582
68626 78700
40091 64129
62514 75154
68995 76223
7507 22740
2169 47366
78858 81370
2333 64022
46654 51747
19366 61469
80120 81145
28276 76988
20537 27419
11404 84543
2625 46979
7408 23296
67925 85410
80153 85669
51523 65271
40686 59398
83742 84953
4957 35661
38049 60838
30203 60003
81038 83856
40512 64058
25334 53854
37853 38412
76397 83334
27212 67663
49363 64986
50228 65470
29987 77264
82802 83523
32798 46516
2950 12740
43944 48589
30798 35965
68829 79360
60632 72662
53666 61422
30296 41952
1454 61325
50681 53638
82252 86380
8827 67899
31582 41896
54766 74381
44518 75978
32896 76262
66520 68113
47461 52685
57758 60173
28890 84957
3380 64274
9495 29207
1229 39376
37682 39234
41252 78821
51402 69155
35329 78413
18781 52461
57664 66630
56795 76401
80814 85026
74178 82303
18854 86371
28153 53221
75020 86124
51014 75343
12571 15936
64206 74818
56786 67235
71732 79303
74061 74624
39749 71069
810 8453
64330 67727
11851 68383
69235 72313
44551 71761
12475 55178
48556 75006
10613 36776
85441 86356
5848 31133
58179 63930
28518 70706
51657 52443
8939 82013
48435 66331
42697 48930
21185 44845
8085 18410
48513 64943
77504 81484
14622 80994
57434 85646
11532 61346
6617 25397
45675 70539
13365 60563
44515 45600
24151 76134
74836 84751
20880 42117
60390 71185
31938 32804
77766 78600
34089 45849
37242 78025
85929 86043
75334 75493
37942 83770
27241 56467
13519 25188
44231 78034
4175 45807
56682 77438
10477 73225
36699 77445
44314 56866
22927 28438
5471 59560
4456 38558
74299 75775
22961 26330
54476 61746
45179 54598
70198 76101
63817 73015
27042 69723
61961 82534
2065 59505
63170 81927
83865 85041
65233 69426
36352 60898
85918 85920
68439 69776
34006 76517
22120 74887
39074 64656
49879 77023
46737 68081
32055 67305
4429 58627
29449 77504
31269 37187
59478 64973
52540 69108
46311 56264
8907 45904
75592 83605
8696 28359
2418 46239
59266 59399
79267 86128
43323 65003
18194 79844
81785 85328
43101 63688
17075 46608
3891 45219
72244 77109
71130 74316
64943 83717
29534 70892
19360 61347
41526 69914
48142 69702
84360 85503
56784 67857
22039 73404
26035 72117
12277 81937
12587 68210
60633 63694
21171 39645
25509 53183
7085 34604
71205 81102
67641 80374
34635 62010
82515 83367
20777 63680
43488 61428
1169 8334
64767 70068
71068 77605
67232 80227
19223 32678
9475 36313
14013 33107
32672 60386
47189 53126
51891 67278
52191 59023
41168 63229
57934 78567
29680 59175
10635 86386
53020 66400
74207 77646
73750 81341
83109 83170
41975 68526
82949 85712
67481 74097
51104 66871
8656 26458
27091 49831
79936 80152
22970 80124
24747 64462
27660 74163
13228 78669
4532 36940
39920 63484
44298 72481
76960 79245
66277 67169
71083 73749
51362 75970
16708 70045
10877 62846
5579 77693
25164 51607
60078 64890
80084 81659
29623 53481
21613 79126
10786 55439
70398 85411
67857 80227
75171 80345
34339 57816
7839 65124
57557 63086
74139 86136
9728 23252
85950 86136
58085 64999
52092 61561
70144 80344
1660 76143
50122 59119
25142 41742
2733 17153
78099 80023
78227 85690
64821 83651
14710 82224
23586 34644
13956 21832
67095 81865
5059 9546
24518 66593
40893 45454
51686 83162
13100 15664
53771 66602
71828 77350
36548 79652
34757 81975
63988 80883
25147 65038
71115 81267
41015 64354
32983 77940
66723 78783
85761 85860
5069 79329
23464 85050
55664 70557
36062 61067
15625 46564
17053 65618
19642 24351
51518 62691
20530 36169
52943 65977
20870 39814
84549 85119
14117 44217
83491 85804
45530 50196
43901 48245
48639 69319
36319 43664
36723 78385
26391 75227
34224 53506
18693 41468
50525 79845
42934 69227
32358 79426
85538 85851
74576 82513
17655 84525
56324 62220
10104 21523
83165 85487
32576 32799
64242 82193
49379 57501
52961 55541
15621 74394
32654 64682
34453 59238
41831 49625
8278 80974
50090 75378
41637 79089
65483 68856
34507 35996
10558 75272
50150 75067
58316 69500
40191 54094
29016 42081
20280 33425
57061 76969
64977 82124
5536 72811
48396 48478
21973 58296
32239 59552
72803 83389
78711 80418
61395 67018
10438 51899
16627 17715
57969 85920
23262 57846
78990 80066
52652 56579
20743 30564
50529 65965
5640 25659
34361 75525
54757 84536
39397 54281
54255 70688
20480 44329
59647 84270
49033 76686
11148 76470
10397 10419
12792 54671
29668 67990
7452 74892
38928 84053
35153 70439
24724 59891
21815 23728
8975 51707
8091 59545
84492 84616
57983 63465
20593 57341
28919 74860
33241 76386
26728 78628
45574 82622
86241 86371
12644 76007
45807 52891
136 72276
30873 51535
10034 22389
59836 64525
11777 18931
34317 52087
67262 82495
17407 56190
36452 48062
28193 84500
47171 83574
43181 63953
49373 85705
43956 62890
13498 32297
5453 75703
53 69965
11058 27918
78219 79654
28993 38751
77512 85598
75542 76076
80049 83992
56627 75216
44267 81925
13165 77159
53960 65047
26611 33226
45933 67915
76672 80218
17473 74735
28719 49906
9966 27718
81478 85814
56030 82038
53216 59241
52330 55828
78320 84229
60876 76570
84892 85101
44233 47432
76666 85731
83958 85368
77341 79213
33471 63980
68670 76892
50075 54738
51410 73151
83707 85064
20170 40794
64230 84032
12917 53536
71582 81324
42858 66227
16662 44328
74883 84434
27286 29270
29039 61432
28693 43866
80928 83979
81657 83085
78712 78870
12422 20826
35817 63780
54151 57977
71455 81338
54518 67554
38802 84783
17475 23590
74263 79498
76552 84480
58142 58649
86127 86387
44798 84485
50698 71914
17831 85129
43899 61661
13576 75161
1892 38418
78324 86172
21891 64366
15058 84989
1710 51953
81476 82542
4054 21661
23416 41017
80310 81410
49563 53308
31538 72308
67034 74891
81017 83961
26409 41975
42902 58274
19165 27320
77745 83157
9977 50715
42604 50558
42385 67085
7332 70803
61570 73857
8866 60544
11676 30971
31403 39560
2744 28472
47014 80195
17974 59204
71814 75818
34656 80429
81708 84710
84909 85031
69284 84589
57513 82527
54365 61773
60887 86220
32399 51282
83769 84890
22226 85365
68616 83105
40516 54407
20990 83940
61389 68147
34348 45435
77359 78360
11252 78900
16646 47758
52457 71775
43780 46122
46870 62408
54974 71064
2544 30870
10883 36244
22581 58933
23095 65341
43754 69207
28635 38985
58312 76931
46098 77863
41516 49820
45814 70304
5780 80181
52538 60744
22555 51852
81027 82618
51901 57794
4492 52566
78512 78857
33866 48303
15144 44898
15799 24140
61116 82447
55932 69068
66635 69587
7669 8553
67517 81633
35168 61737
35564 50123
71568 83798
25897 46869
31986 56548
32024 54609
4348 57895
57853 85686
74012 85751
76507 80486
50441 64283
84682 85337
57232 64434
58093 77977
52304 77885
2706 17389
72537 77039
6162 55486
15362 80058
61724 84770
78196 81538
68 42027
69596 74728
64461 85105
2558 27695
63689 64613
83009 83780
69524 85740
1209 52214
9205 48613
65768 85285
21358 60701
79569 83426
25888 46507
8266 78188
80895 84943
5420 58709
38742 81465
46853 56340
25292 73211
52865 82171
11329 66409
72748 75780
6211 80036
9204 52048
10795 35648
23631 25439
73742 79869
40633 49037
31684 60711
78007 86291
2600 36167
20309 46948
11727 15850
41641 69725
9040 74941
66999 71410
79349 82205
1458 69136
50331 80799
37298 40014
67108 74063
16961 54356
20966 21649
11414 53431
4255 14107
69501 78219
81842 82516
43416 51201
4125 84774
82649 83329
16404 67552
40562 63932
32972 55370
50979 58775
48825 60508
22811 58310
50172 68296
15016 83593
1372 47707
38363 49580
69509 86360
19734 37548
42646 75763
62371 85386
55576 73631
34872 69642
39756 73001
25350 36297
24438 72333
37175 85109
83835 84018
18358 53702
11717 83946
23559 68784
20597 45769
44404 47267
57712 64908
63865 69790
28011 80610
72967 80805
64875 72760
24123 43549
33370 52501
43619 67111
48526 65358
58600 60725
57818 63327
27748 68383
19308 33698
15867 52876
51770 55873
59457 74842
54227 64687
16276 47572
78722 82143
47872 53803
45702 74172
31499 36956
50335 78154
36022 66644
81296 84042
61897 63684
37348 48133
3273 30940
77778 81135
21243 61636
39536 70629
696 19144
14109 39064
56030 72001
17152 44252
84256 86237
4285 83179
34687 81335
35730 73264
34200 66312
30409 30495
51280 70306
5941 38362
80407 82829
80575 82886
9597 31224
48631 81048
30911 48304
63954 64559
72591 77562
66950 72698
77888 85766
15963 84804
390 18612
66967 82709
11661 70733
27858 48492
26548 74827
64097 69765
67058 74278
78586 82572
3252 24199
85773 86338
12271 23229
20206 64737
78020 80464
25194 48107
74951 81001
27367 39631
41922 47310
55310 74754
74673 78084
81540 85082
76010 84785
81445 83748
75060 75110
47823 54560
42005 79432
45741 69404
79278 82474
13843 75805
44450 74535
60093 83274
29205 48375
86166 86329
15513 20064
65594 78970
11447 14735
33047 34403
45354 61408
39951 42249
64779 80771
51810 57812
34840 43232
58617 80674
13061 17907
54909 56492
18760 49921
40 12192
29452 77619
34915 75480
30116 66206
53525 56960
85230 85383
65594 68730
47594 80916
14130 30990
50549 52324
18248 57017
23548 34583
15183 20265
59009 82185
21001 31018
37651 86268
35158 85940
82330 85895
43957 46547
51169 59337
73452 77912
2732 76609
56928 76250
8271 13386
33001 69531
10032 75280
28743 34193
36808 50220
56617 80407
38263 84154
6277 73026
15951 82195
69192 84753
62985 83367
72940 77657
12483 51594
63667 82109
75392 84098
72976 76127
71626 77170
52447 69403
80653 83129
17363 69195
78343 84269
44618 54379
83636 85199
16147 28331
27044 43702
32813 36237
51268 73696
18946 42207
25201 25710
43875 46054
53421 79283
46331 86191
74551 78952
85316 86006
69787 70642
30661 80407
64627 69697
56088 71184
1 29009
12650 46535
83482 85830
72140 76042
51362 85419
12105 82336
70139 77789
7542 75787
41564 84961
19531 24974
29092 30954
79134 85779
52817 72772
30360 61562
5117 73811
34213 51413
36227 38908
56110 71066
61059 66356
17361 24353
27786 84898
31620 74625
13646 19199
24766 64606
72284 80128
65984 81020
52100 82449
69009 69420
59603 69150
40776 84263
2208 20607
9091 62737
4525 84001
77768 80234
45234 75833
27570 39063
30597 54986
47218 47593
76925 85157
29974 81295
59739 60672
53993 65852
37778 49909
27617 38217
85166 85477
29754 81374
4384 79019
62190 83933
15668 49593
85522 86072
51143 56210
31589 64996
23236 36764
59525 70126
1699 18659
6176 18589
2856 77928
16057 84333
46664 62922
22651 80589
49830 69752
68389 77441
63091 85465
32269 64226
75469 77199
49257 79057
403 34224
17539 65205
9835 85220
35341 61082
76245 82371
66178 84130
70415 84521
50683 56193
71167 72867
45863 78420
66034 84816
61366 81853
78419 86225
50754 84510
51214 74911
33743 51813
55388 62829
39565 60117
31454 44992
57159 62367
71332 85609
22107 73082
62431 72925
31673 72482
11407 85296
23538 76626
44723 67571
8714 27450
86252 86363
54940 62022
24223 45959
51120 55680
46105 68913
28378 49166
57357 58497
71071 81540
66964 68483
75472 83822
55986 60150
40471 67884
37840 47411
62333 76385
19494 56170
71632 72112
42800 85731
76637 85185
35655 52944
22785 82250
40187 67912
13178 31097
80685 85973
8182 48351
75563 81596
82177 83015
71874 80049
15822 46706
44049 44262
61859 81190
75769 81356
1821 77625
77384 77921
56577 61392
3681 64464
23345 41194
43990 76225
14246 46279
51273 80162
14900 29048
65684 68195
52235 61919
14970 31825
3740 22403
19287 62008
12031 82284
29473 65849
6944 76324
51160 52706
29665 50121
57761 83308
6313 20236
10365 83137
44664 55189
30941 36391
4001 68553
37653 83000
56654 79145
77462 85487
53290 64726
52788 76254
64343 76919
55984 66382
71024 80528
16478 19429
70515 83761
2158 40824
48885 69433
67713 80942
84020 84746
63958 79135
20893 70637
25403 42408
61152 78870
60450 63454
37430 61448
24541 56912
14571 76020
35587 60654
36916 49006
67128 79531
61546 77792
82471 86061
25610 39336
25745 77719
46188 64530
85465 85536
73097 84806
81554 81978
57848 71902
17048 65230
46524 60091
10380 79138
80017 83766
44598 70243
5813 73784
69875 85938
45334 73210
78171 86187
45583 79481
61060 65717
29191 78492
57480 83246
26568 48426
25631 75362
52447 85973
29681 45600
73683 76777
58468 61018
84317 84642
52010 63563
72201 85512
31317 84796
25691 71957
56903 70314
55183 78605
68902 69437
12539 60582
34874 53239
17639 74684
82541 83076
67557 77790
66466 69349
67791 69094
51878 53721
29434 45655
48316 50582
60734 64805
39319 42095
72081 85427
14142 69393
75695 78385
62499 75600
2274 56434
869 32931
3652 32889
83539 84820
77356 78536
28013 79054
56990 58466
18878 78408
45881 49323
9601 54632
66548 79199
13213 62070
53835 64966
44485 59936
50973 74590
20328 79162
79858 80239
75818 81942
32788 57224
8663 60286
81453 82767
70664 73020
70363 85557
18161 65333
913 14537
58125 58550
30233 46978
63429 82223
64471 70875
49602 54691
28439 64730
57657 76384
45342 46136
60326 61612
60533 84110
67726 76236
67778 76169
74466 77849
35773 81666
49944 50606
73485 75899
26642 83501
15474 62609
26551 55130
28941 60184
30897 58531
1288 82092
45315 46901
49570 78610
36786 81032
16030 36630
39728 56064
83512 83750
50545 61061
72672 85901
80073 83229
64523 73659
63359 78882
59043 60160
73359 75883
85709 86183
15993 16705
418 1354
34097 46041
55185 56741
12788 75991
70022 73455
9351 66854
39225 45915
22821 85258
82870 83399
77049 79164
75519 83855
28193 64998
65316 80171
82899 83211
4437 86219
55791 72180
76172 80593
81583 85371
26234 37660
67625 73634
83118 84103
9507 13853
14864 19537
62848 78265
76147 85524
84371 84954
27667 40425
69178 71331
4023 74431
62731 65214
36580 71882
60314 67171
17306 63150
14860 67184
38624 51147
30088 33947
5872 48923
22423 74184
33200 57808
45301 56668
6400 70601
50614 63844
41043 67706
64049 68074
70636 85816
27120 59438
4611 26301
20726 44004
61212 69536
52481 86114
21989 60181
38261 64015
8989 21307
23124 70461
46160 81684
79802 82199
67071 77133
66658 70652
42778 57446
3636 82923
18033 85107
9049 54225
8391 28938
80796 83342
34571 41781
20191 62025
44484 82036
83508 85342
40364 55218
39493 46753
47043 79111
11576 20301
53817 76340
58153 68510
12017 16887
17097 34355
57931 72781
49230 49605
9106 29091
41937 60068
27797 31447
47553 49400
83431 85579
50309 60083
60596 75079
986 15408
82247 84989
18716 65935
42428 63643
4060 41037
1914 71515
75684 79644
68558 81145
8946 61802
71463 77422
11641 59530
17504 81631
75410 83036
3155 65459
31205 49503
10055 47378
59063 61855
17036 28253
21087 29817
47856 68339
11960 70203
49927 81128
80263 84292
42015 56457
39607 40219
65070 70834
81134 84597
20521 28583
5723 59713
22373 63123
41386 61035
18093 76372
47947 51817
58786 75606
37701 63779
10944 41146
79401 81729
83082 86102
58823 72540
33003 54127
79131 80931
12723 69124
70550 78472
71179 86015
68284 69490
49200 53172
83646 86109
12926 35191
6888 68143
26580 71864
73450 86332
12166 26642
60357 71985
21381 82419
73206 85148
75422 79386
53282 81004
81023 83598
4672 33354
82906 83316
59065 83043
74740 84254
60797 63775
47160 86383
184 65970
73017 76225
59561 62364
75634 78158
2339 28515
53337 63208
36686 55150
56413 68146
23316 47857
10678 86019
65653 82469
78557 84292
75912 83384
64167 69845
26754 79861
1878 70506
8744 52865
68116 81994
74130 85939
69463 79670
77914 80380
82518 82643
52452 78894
8510 34427
18262 64324
24048 52338
68179 77952
5689 84269
66604 82350
58478 65130
83105 85583
66555 74875
43245 76420
43831 80892
41640 66459
3620 69612
47958 72048
60311 70167
82694 83262
76312 85006
18695 79501
16238 70015
81841 85244
79667 84571
2085 14668
11762 60618
13340 34346
14653 32038
1973 59975
80706 85001
58473 75294
47470 68151
21710 84420
30275 64113
27120 74406
63101 67786
58780 64006
16169 22397
15052 53993
43225 53431
76146 79246
84568 85523
33911 77007
77239 77943
76208 78999
21947 86326
51462 63139
56799 81311
82343 83610
55547 73264
24330 58044
41978 49791
27143 82971
39358 59248
72427 85350
16861 17885
9965 32450
50409 81804
16071 26930
76096 86040
10938 33334
74292 78098
25496 71682
44739 72486
15644 27316
78510 83470
56751 77918
43915 62495
45545 75211
69571 82802
44526 45103
66373 76358
13395 45408
58879 68650
13373 53763
77701 81491
52452 85285
61134 69048
73263 73418
48384 82389
5586 69532
60980 70541
49263 63548
38945 64387
38740 44716
66975 67214
15013 78235
82605 84963
17840 82043
42243 59698
14944 38394
605 58846
60866 62772
66325 76225
35493 66238
26447 34180
60246 69961
81696 85326
59831 77765
39172 72257
11456 50748
76492 78544
34431 84734
6793 57825
58580 83293
62605 75893
56982 80058
46339 47114
35900 71556
77220 83251
36104 63047
22531 24358
34364 50741
44865 74965
30129 80041
496 34907
939 28265
45281 82850
27186 59516
79036 84301
5564 18352
30741 83669
16056 82108
24517 43124
66748 81410
19541 71411
13135 80687
53974 85582
63455 66386
54305 62859
16676 61831
41223 64190
37796 55465
6431 31712
38082 70715
36143 83396
58736 66904
37500 59573
9355 60740
69499 71812
16897 17398
81358 81471
40457 47527
78509 79604
66572 81298
78176 83152
31265 35035
84330 85014
40823 77129
22201 53914
75094 84737
59720 81590
30085 57349
59331 65497
73430 84332
1323 73469
75411 84779
587 83246
75002 82244
28296 51088
7923 73789
56122 70623
29355 45200
41081 56523
35443 46322
40821 66218
66986 84762
12629 76871
22617 35946
59815 69383
28719 45388
19240 81464
75371 84974
37358 45553
79322 84734
41519 54642
37100 52539
45269 50732
7115 69243
39856 58864
32736 62015
27840 61170
1561 86384
25715 84923
55062 65200
65141 86374
66046 80797
20590 31912
29067 36518
31626 32905
8018 25748
77831 81739
74284 81942
83441 86330
48563 74290
1457 25064
64364 77497
49353 68291
68992 70375
22472 31725
5619 48891
83393 85095
17722 79807
24418 34678
58373 84650
23719 35027
76321 76998
33093 85220
55140 59112
38195 56394
57103 63791
33567 59955
31680 46984
11980 83774
4203 56494
62499 75573
9756 82112
16997 50820
85662 85728
66664 79163
82903 82964
52378 70733
3047 54121
42053 49243
78284 79182
52071 65359
55657 56383
1197 71156
12703 81470
76939 79024
44495 70019
40507 43717
71491 83233
85448 85866
40116 85535
19434 58203
58055 68872
69723 85161
18728 50108
76449 80321
79334 85544
80243 85531
22842 86396
3814 59646
52741 59154
63072 69755
22316 84224
70880 71193
33214 47411
17063 77420
21751 68956
12006 66787
24656 80695
69431 77826
64660 66053
84171 84735
83937 84600
1723 71808
1122 9851
4775 33343
56424 73529
48871 66358
56156 58766
85565 85657
81609 83139
76943 82042
38807 49795
72218 73212
56995 70111
60685 83601
3686 7643
56516 78400
42286 47058
52138 78981
3422 21938
65464 82999
69488 74952
62640 68450
77482 81249
61723 72648
60135 65358
65708 69104
21968 31038
10522 35386
12723 51863
44346 78168
69659 76766
32572 45301
2221 47660
79305 80050
10453 28219
12205 32265
39508 76191
69427 81070
22452 55154
67189 73476
33807 63978
51719 69326
31437 60884
361 36792
63560 74232
47856 74746
35095 38140
54339 73187
76687 82208
5457 41874
85133 85297
33012 65037
48155 68453
26763 35390
6362 11905
6327 54296
80451 86233
40077 76426
85194 86023
72476 80728
81654 83627
75088 77712
46607 67512
59323 67848
51969 67279
64080 77387
17173 38831
12310 51582
85688 85773
20363 68007
33260 34741
32911 35459
31 59215
32580 35571
21732 38179
78163 81014
28636 82294
7552 24611
66374 77723
42024 48210
30277 85042
14628 43171
75420 83551
2396 72747
80741 85210
43499 83402
62184 71858
85495 85742
27708 55630
37560 67800
70288 78018
7107 42057
12020 43073
79636 86363
46500 80478
86204 86392
72029 85522
11724 35959
79848 80694
70975 73624
44258 70106
51471 53026
60993 70829
30534 83078
51025 65464
29151 42227
18514 57492
11712 59317
10065 55187
84328 84945
21699 78346
70331 85213
28181 64570
63034 80352
72510 83443
55807 59692
72526 83973
55013 75958
48570 62980
27511 59932
79120 84130
57194 73827
35683 43026
69252 81555
19917 77434
46118 69666
6123 19282
16959 50305
46587 82564
14094 59198
57206 66146
30985 81888
3542 30186
3560 29659
67643 77532
14191 26866
73237 76754
13148 86216
68093 68310
71649 86291
82866 83253
54731 55477
74921 76867
75174 77719
41324 62894
73101 79552
59000 71095
80073 81672
20647 78042
9813 36168
9679 24251
8898 70969
43206 62341
57135 74280
71914 78488
50067 73579
13907 55973
58572 78119
42244 70937
65798 70955
79418 80226
15306 24862
39476 61310
84416 84705
67402 67846
82089 82441
84615 85934
46077 57895
6347 44851
56471 86223
45012 80420
72385 78830
45912 79987
70532 79896
43414 52246
8643 73775
21423 78290
45524 46083
50282 78516
69831 75367
47868 47984
13673 84343
78132 80189
17391 59718
36903 62018
29112 62111
80061 81082
74616 76612
72906 85304
61694 80352
62271 68869
23511 80704
2008 10432
77809 83845
14092 20773
54803 66018
49728 58676
86207 86321
43919 51388
12077 15863
76704 78769
34503 59282
8667 50261
906 40888
23281 40229
55508 65551
2999 11352
23260 60162
12659 35208
57667 69295
71120 86280
3261 78065
9585 66018
11682 19130
24841 49634
61853 69591
53981 65091
38178 51568
60129 86323
18406 53307
18987 32347
39748 70163
22040 42030
62663 76910
71055 75291
68711 69905
3858 19030
39232 73356
31004 71358
2649 49121
35831 73461
22292 40514
71102 71442
54819 74613
27828 82888
23655 34470
52110 74255
14991 48069
51163 51953
27686 60718
84802 86227
1149 19160
37866 58451
55293 59054
54623 54914
49384 56739
20163 85177
7115 18092
9178 82499
59103 60694
56665 61506
8649 37350
45761 82324
18534 77058
16014 85889
45691 71442
75903 81127
25800 85723
61422 62875
33427 61257
48196 56372
2979 53340
18944 63350
85765 86215
67843 68078
77042 85960
38946 77084
69218 81216
28188 49902
49675 72444
8815 78830
46906 83904
6839 52836
2001 31398
52180 80063
52316 71118
62950 64544
12441 71580
55167 85918
32270 66612
20372 39634
24059 43151
39227 84733
32570 35109
3303 8225
66623 73825
59449 78487
63153 85259
32604 64345
14978 53889
6593 83655
75692 82119
18672 47023
17404 30648
36130 66718
52516 77312
69797 72093
60171 75171
14034 62887
36454 37772
4992 33478
40911 49839
74671 76684
40631 45672
36261 56625
65708 79154
79427 80192
70238 82211
60908 71959
60094 77869
39596 85854
40469 65013
34232 58330
10171 46422
41931 77739
58220 77028
16052 42505
45817 67240
32341 64086
51522 60283
12872 53841
11414 14612
60863 83730
53062 72785
9429 36073
45200 50932
62161 81250
48722 57262
27791 60946
62161 71321
27192 75808
4989 49297
63447 78014
77169 80900
15226 62610
10731 46881
25830 60844
23688 67745
35230 83098
11593 47048
70233 72426
60185 60565
20603 33344
32916 55737
26342 26469
36193 36691
2513 26550
26310 57754
2256 12094
27255 70689
21790 31456
56759 71377
22003 41209
57633 74090
42967 84866
84150 85741
62602 71452
71997 76968
24967 40549
59620 71624
2168 33513
43022 78677
35833 74226
40106 67024
39850 48464
66753 70680
79757 83111
84898 86098
14074 40038
6396 33119
57985 82760
33227 48569
7485 64036
64875 70301
14367 85189
46890 57825
79983 84365
43941 47412
68396 83508
36938 66484
43390 77228
62952 72211
69273 85402
62631 86229
24754 76255
60887 82404
83863 85374
48296 64690
74330 81156
65369 67798
33952 64748
20532 47796
40797 57115
27687 32124
71336 78615
6731 20810
85650 85951
32863 33765
1059 66731
14286 54118
47967 85685
74917 82904
1571 2806
54035 66302
77527 85561
80259 83654
86011 86048
36041 40257
12962 78200
85383 86366
1612 46548
69587 83081
36708 85397
12855 27116
35011 78100
78422 82895
41684 69019
83848 85896
64165 67591
24229 60803
7368 17688
65757 76019
78697 82258
28194 38498
59971 67153
11282 45579
26196 42032
40043 47452
67005 85107
10809 17904
3823 28408
66951 84363
20435 56694
52615 71498
62857 78478
57193 65284
33691 79073
31335 74832
12151 62968
62980 76624
20559 70722
524 68696
77545 79373
2328 6605
31095 65808
83069 84372
73495 81947
31899 38504
67860 73982
67368 83287
31320 62792
82044 84404
35777 68294
4920 35626
45794 83627
5230 38964
86120 86360
57211 74848
66255 77005
55539 66499
30164 53094
1797 67400
74023 82698
75287 75816
10841 46939
77018 82103
28061 28673
6233 17733
27895 84725
50314 60375
6392 73334
85058 85659
7581 23737
19886 75786
28402 53575
82615 84073
78531 80177
19594 72888
44598 45032
60264 72234
61581 69283
9483 80058
29749 69524
13505 40972
48593 67139
70136 72937
2028 73527
80130 84498
47371 83515
12847 72320
62885 73545
8520 18201
54880 55419
47536 48546
26054 71141
5398 31371
57551 80365
46000 67173
84817 85296
15000 30387
81484 85498
84271 84404
64472 86264
9353 53314
34090 62259
33976 46290
28330 78587
22819 71517
68429 79099
14796 78487
52734 53804
35871 61781
23168 45377
2565 8544
7596 86287
59076 73732
12574 26776
7415 40670
14456 19345
11989 41611
45661 52208
46910 62195
35455 80386
68865 78154
56808 57459
30254 57650
80229 80285
9180 32714
42456 44756
32832 51122
85754 85981
54348 62417
85572 85588
72062 84372
34735 66887
84205 85475
5863 85868
2272 58739
16992 28304
70461 85985
11653 69331
569 28595
7777 82259
42863 79369
14503 24499
52497 66133
4748 50926
42535 73436
19819 86025
13419 50117
53078 75840
61682 81175
46865 47209
64401 66168
40179 47430
2120 62841
35744 52653
40613 83018
44408 49223
14616 26673
83037 85266
2801 68936
5359 22408
43423 70614
46292 58051
61143 64354
61401 81617
26350 60902
27592 85843
3058 15377
65253 83428
53408 81738
26562 59647
59558 63841
40836 50029
48160 51564
79066 80299
27162 69599
2898 31296
81649 81771
67276 68509
72227 77486
53802 61060
4553 42590
41590 57675
6945 48399
10836 83264
15632 59250
72718 82557
19017 81873
29366 36218
52815 69602
16369 42883
18105 21501
64521 69503
72659 79739
11226 13665
64442 70937
82211 84238
59036 77154
69202 85227
59587 78474
45092 68435
13642 29492
18401 67967
85789 85889
18130 39797
76687 76833
3358 68602
42081 81400
20447 62440
38469 68190
22297 73723
70300 71625
9334 23548
59493 75115
49327 60190
58424 62726
29038 86129
2132 47986
48079 74824
53415 56742
13575 48822
77766 86089
82239 82517
49632 55926
58783 78392
81283 84563
81182 85349
32928 75259
54426 80955
57133 73834
48294 70172
78826 80467
64947 70958
74103 83265
28081 42020
3877 54395
63282 69481
52930 64754
37506 37537
77864 82094
18316 56109
21240 42486
42660 52213
17209 76436
22351 40289
82850 85510
68814 70434
13343 80702
43641 86340
77449 84712
68860 81311
50750 83187
50452 66148
67813 72793
45351 71832
68745 70078
37979 46006
81786 82217
71342 77129
78427 85739
54245 77950
4281 4708
61949 73463
14387 75311
33164 47291
23226 79937
73153 75425
28418 58273
13111 49083
15178 78368
78962 79750
14175 44122
33982 79678
9177 17507
2099 82130
22469 41039
75030 82354
3223 46852
11947 35587
19668 60527
55948 65004
75155 81965
2306 10411
73289 79194
68727 73609
69567 81772
23384 24137
38767 69380
72896 79951
82746 85425
12554 68764
4230 60696
4244 49289
84727 85451
1306 39586
59354 79593
62397 81922
31416 62959
41775 54829
31518 51916
70065 82603
2200 8579
56701 62269
4069 17337
38776 77273
71150 78408
58656 71556
21683 56455
20352 71797
84976 85540
22647 59933
33451 67268
61979 85190
74405 86148
10129 58586
39687 40008
27812 58941
45610 53332
45979 82171
21985 68283
57344 85208
17077 29758
23442 37119
41019 74369
11907 47827
79993 81619
16818 53202
37162 70347
73846 83717
29830 71744
35304 82049
74182 77670
67925 69832
11237 15213
83016 84766
38346 57296
52167 76013
26703 49758
13607 28521
23598 70324
1619 22019
69312 70202
6274 32746
72744 80850
12549 50544
42781 59975
32871 39009
15905 84189
64069 73425
69858 74505
25508 75931
47745 82109
40710 77966
58264 79146
48109 82697
67692 78882
73753 80321
61455 69438
71120 72953
86233 86299
65689 85754
60494 68621
749 1501
50582 84680
58181 64228
53445 85231
33021 63298
17200 48427
26141 51092
1232 71758
66249 75689
4961 19756
24251 53221
37593 77584
84664 86106
35280 83321
56072 68862
58616 61328
65960 71075
80663 84213
82839 83408
53263 78756
45725 81273
15400 63910
12447 76390
22651 50678
74588 79907
19358 23550
42730 44485
54041 85215
65864 73393
6503 32453
21858 59376
62565 72879
42667 60395
25084 61566
73710 74636
17703 32794
50655 67203
8152 16287
987 57784
55050 65014
83657 84554
3041 26351
81843 83201
20011 24133
9638 80141
35810 48675
68981 74172
8807 66620
11576 41279
68304 70303
9666 74720
6447 43624
1716 3474
60763 71545
22775 39285
77729 84783
41505 61471
36910 66394
57041 77089
35651 44109
83307 85046
21094 62175
51994 60740
23859 50741
18188 63959
84676 85831
45260 63317
82448 85675
69925 72067
21065 63915
20886 25015
33528 54825
33746 72164
12676 79496
7359 26425
46681 65258
74466 81591
17058 24312
46596 64930
82706 83317
81587 83079
57543 77573
54746 82888
76112 83114
365 28929
71411 72041
13572 75644
46927 81422
78093 80563
39645 80763
25843 83949
41303 64377
50390 58768
51738 65490
84649 85693
78489 80008
80946 83707
73990 80758
79460 82356
41608 46451
53046 82802
65823 78009
76087 77494
34095 63746
61223 71997
84420 85132
83883 83891
6255 43379
63996 71790
35450 41111
65465 67507
65616 75082
72427 83049
40106 55801
78414 85859
1826 63543
75639 82722
66093 67655
69120 71553
18818 86017
59847 60753
2495 26921
82139 85621
48802 78250
28113 44045
61612 73247
70243 73778
58028 76654
16211 24643
85552 85940
6323 55417
10440 26176
53425 77419
61129 78735
58669 73706
46928 56942
45066 70657
34306 85645
66327 80658
13627 50803
22160 56624
54368 62961
68355 68939
49601 74665
86067 86260
25322 50185
7120 80566
78502 85844
80589 82786
11045 30833
47756 55284
81845 83009
79423 83355
22254 65704
71827 80273
70223 82770
73274 81670
64819 65319
69181 73471
44535 74979
13749 61743
76962 81899
13596 67490
19117 59255
12679 56375
53319 80787
79542 84089
5145 47695
82663 83992
62250 75788
45505 64697
31574 85051
10828 26328
9112 47924
54013 59723
18471 35203
60242 78408
39423 64725
14287 71795
8839 61035
14773 49380
14513 32960
69830 72025
85262 86067
28035 29800
70072 72967
74062 85287
76156 85290
12773 36326
67935 81111
68827 72454
31992 51403
22175 70368
79087 82054
45796 77155
58788 67854
57134 73338
76909 82889
52919 53781
16536 73835
46362 49922
73458 83731
56846 74197
50575 51252
40420 80161
40206 52292
25864 66358
65043 66150
85141 85619
67959 71471
85551 85958
24218 57692
85585 85988
53009 61059
27243 69437
81436 85859
27869 63371
72242 77349
7399 42989
34658 77304
52453 55430
70683 79734
7579 56631
52326 70994
17971 68933
23989 70498
23858 74550
83597 83736
38204 84535
1220 18052
63287 78424
77924 79013
29944 56489
75495 84654
55104 61508
32954 69668
53670 75856
55927 57720
80673 82601
11242 80463
70989 79117
74295 76216
63778 68020
7684 14047
19183 58892
68639 70060
70915 84798
41291 71497
70264 71533
73329 81743
48853 64357
61618 73425
65926 70437
14900 58620
69828 74476
53751 78732
10027 75652
78202 85108
30524 61971
1249 65992
80677 81694
27637 54468
58682 85378
65457 78534
80852 81216
65408 83447
25264 67271
17455 65444
34218 50853
3221 74837
70743 83501
46612 72843
80989 82835
80344 86189
38627 44075
84872 86271
38063 64487
69850 79046
70712 83981
58474 73454
85209 85888
17074 52984
38858 44791
44072 64126
6250 29649
23075 35601
26111 46207
2067 61752
79942 85261
58346 76419
48253 56056
63178 79565
50579 76154
67473 75938
31217 43460
41418 47764
73407 84742
43581 54425
409 42902
30786 39596
10017 60731
70397 73873
7939 76211
23658 39593
76097 85376
670 61643
47578 79351
3715 23675
31366 70911
82359 82914
20289 60879
9254 78197
43988 73665
69198 79781
40788 59565
77784 84310
28342 80240
64390 77775
84847 85652
53700 60134
48927 84889
44503 59598
61910 63852
29360 54814
20954 82252
68828 73780
29757 67820
82981 85392
67911 74211
45415 61071
55454 70949
5397 65529
28939 67981
19859 25797
38972 57110
55087 63291
51876 54387
56213 81311
41826 69468
76645 82549
36774 71296
40471 64734
3426 84170
55774 75895
57320 71986
42457 72362
83706 85981
13744 69756
21441 22224
80405 83927
1836 54241
64671 73880
44898 52160
69029 84899
55987 61798
65706 72223
62563 74946
80274 81617
75400 85885
49860 81082
23804 65473
41366 78310
1400 75220
8892 30766
81804 83092
56550 75404
75399 85015
21112 44124
30523 62571
58162 63607
32306 37425
47527 81879
22119 63005
60748 65379
69774 76834
85657 85709
69274 72561
83954 85515
27589 78860
32596 52422
79250 83708
78546 85498
22747 68774
54949 76440
83778 85929
71464 78193
12508 56876
46820 55377
10234 70869
14836 42804
35796 73231
36951 57876
61367 85475
81776 84648
49193 54062
54786 79091
10395 71358
78963 78996
80002 82998
11314 46393
4085 25476
29820 38162
57404 65553
33322 53771
38431 83591
51850 59552
49416 79768
3803 38864
56971 81458
17506 28612
355 62317
38233 65988
11752 49666
1918 18276
42562 68829
38613 45860
30002 63337
10189 21800
53315 85938
60590 73362
44507 83823
65654 76259
81485 84631
84173 85415
65810 78135
31540 55599
80487 81602
36997 56245
7261 85425
73057 77209
79502 83605
78800 86292
79208 86091
81117 81403
23131 47375
27049 41817
51110 51322
74268 86228
56912 77490
32998 72454
62910 83815
2224 72714
77522 79907
37957 71756
70785 75657
54721 79244
6221 29112
25138 73786
49476 51057
53617 83295
60065 67132
60496 72431
72892 81427
73248 82317
11759 65600
77658 80389
3220 31183
19258 71837
40997 53441
78928 80992
39136 39908
81786 84631
23706 77030
67821 76275
64003 64974
46627 77187
29222 38971
9628 86229
37832 52036
4481 63619
77554 82323
44911 55646
39439 64871
43379 70307
56357 74821
73673 85517
7856 57648
78355 78593
58158 78023
54454 73866
29911 74501
55326 62980
66502 78268
25677 73479
73555 78835
36159 75286
25616 79422
63088 75392
83120 83857
54634 76786
59313 84629
44817 85600
84750 86094
73421 80063
50765 61537
9912 61535
7977 45900
62406 78394
17953 21120
30773 59009
56842 71181
54273 77316
14652 46054
7547 78629
58166 82303
31352 42402
35061 56971
52302 70607
63546 69585
72780 79372
38564 53782
887 44234
70798 77755
24031 85583
69155 72446
33409 57388
53268 61909
62865 69341
34049 54175
79539 83582
61137 61333
690 77451
65496 83461
27432 65762
23948 51779
48282 83093
3336 41845
72966 74784
66989 67094
34800 79254
3522 52046
41747 57229
62245 71679
35745 77502
76154 83654
20228 71510
4491 64890
34556 42595
14285 21252
17934 47933
39547 54250
82094 82981
51592 61870
29289 70529
58556 64168
14330 73368
64630 83789
6801 63639
81315 84151
42856 48947
82402 84009
9302 62065
47023 60443
58178 66662
17901 52886
66068 80071
47126 71468
51761 70764
3442 42789
42302 43212
53411 72251
50875 71085
75660 76713
66970 69469
78709 83474
11552 62512
14973 81059
36968 82254
10832 19748
37105 44242
66764 83566
13034 34212
63575 82001
75449 83853
73903 81721
64706 65798
72885 84389
28821 67442
38370 41191
49266 84584
15387 71842
42910 76646
10714 35311
81280 86335
84752 84754
21347 85819
23786 69774
61552 72866
39415 53900
75141 78954
48014 48073
478 24452
18448 77221
12649 84577
17978 58500
64406 69431
44335 50643
28828 39796
58991 76384
10797 32873
14440 34592
37547 63712
41606 56844
37448 53002
74611 77588
13621 81730
52922 78364
70567 75043
17192 70540
15798 31225
27224 62024
52583 75240
57337 81529
44867 84818
23574 41338
50300 54815
11861 11954
29199 31209
10960 13488
53967 77554
46460 48006
82456 84197
27530 37650
8294 60293
4776 54316
33397 64621
3645 64593
74818 82720
44183 47091
32317 43704
34309 54008
43696 53393
39109 63298
18637 63475
80324 82976
899 79451
23588 57234
61391 85732
81116 82597
6571 7321
42980 65811
78799 81463
71171 73495
39513 81692
15675 25914
47072 82643
49927 69924
82487 82738
73351 76040
70545 77256
39561 45868
29176 31057
1342 47148
79752 80611
13170 15431
43771 61834
24018 69101
69373 75233
69152 80658
5266 24254
37551 55642
78584 78902
43991 53445
54389 76324
44190 56498
68935 73605
6167 63025
49122 70061
34775 58441
9962 36575
27981 49175
31380 45962
7910 79001
38898 45107
51345 61909
6801 64236
80895 81028
45875 59946
72265 74019
64778 70519
35955 60944
58112 68450
17621 70077
39713 56495
10959 45511
47808 57540
51117 80540
71249 78771
67798 74415
81627 86135
30186 43373
85869 86017
4269 51834
10291 57508
82233 85245
44281 85300
51467 52900
71975 81981
37047 40860
32700 78358
43268 62513
10444 13671
14438 38603
49546 61233
71177 74378
82714 84592
46955 74692
54463 60763
6425 27229
85927 86327
84600 85972
4995 25893
44038 83632
18399 23707
69073 82849
29665 31570
85228 85245
84195 85076
48006 58954
46374 83263
32386 71631
81320 85979
6865 11093
41969 85436
76867 78100
85178 85274
53510 64828
5729 26862
16673 70763
22904 63218
83523 84888
55523 80458
61259 73107
39194 40026
26469 48266
44057 73232
81383 84607
61282 64244
75978 85102
32910 83522
70598 83282
41488 50198
46131 51802
26002 29939
66456 75671
52358 68391
26299 60668
70394 76958
27514 69625
18693 69182
6244 8591
1845 45194
44414 76823
32069 38574
83046 83569
72726 77762
9517 49574
55334 71222
65362 66643
329 78777
6865 77446
75555 82389
30888 56283
12312 75598
49002 72831
27091 48086
47850 83456
61506 77938
30829 58932
22290 30163
21234 74758
70768 83587
60016 69150
16423 69437
55396 73678
63952 78655
85582 86010
28335 49722
84321 85098
71845 78129
27161 77838
57672 60147
82945 85017
62432 68513
44228 74310
46137 52056
68773 79444
42829 67689
32624 43458
73370 79786
75464 84612
8718 21235
12375 20548
84248 85565
76122 82767
83564 83920
4316 11562
31418 60748
58631 65946
40502 62363
12347 66710
9816 55310
81685 82550
55324 78261
83620 83862
79854 83038
6125 21217
58991 74151
81367 84974
71070 77150
1161 74357
65180 81378
68178 76768
69746 70063
62721 73887
40446 50556
54369 82700
64097 72536
62331 69380
36149 70678
58115 66620
71400 73501
19543 24928
72328 79750
15514 44194
19883 35344
21025 77750
3314 12406
25239 64165
77783 79471
2421 40585
34468 83929
72229 76873
59571 75986
23306 45215
50976 60902
61431 82484
28629 68481
70283 85555
13845 70013
70986 84965
76512 86020
29849 50938
18695 48148
66080 81002
4810 71789
61782 83768
40273 78272
10111 74397
68672 71284
54830 70975
42703 57012
8133 47462
6254 23598
54401 55077
57750 85435
34257 42649
17122 43439
84264 85767
34056 44456
45087 85041
3484 10156
8348 48008
50248 78024
11180 43812
66220 71910
76572 82596
4011 59290
33011 64747
61290 81801
53587 65180
20266 40221
75763 78585
5564 45481
80231 82033
74749 81765
17300 19760
2897 35089
7886 51196
20351 28635
57441 74660
69373 84993
11667 40462
85216 85541
81800 83243
6318 80506
56960 70080
85613 86364
60949 85183
36953 66143
85095 86334
6898 8419
14862 35107
10922 70397
7407 81770
82326 82965
30321 74221
29376 76987
85663 86310
67747 80658
38884 47690
32586 52754
59746 81826
7639 42697
21771 64111
12989 61342
5716 52791
84795 85089
27713 48111
25099 53845
32688 46124
58462 83820
76577 79950
45820 76775
37755 71550
10410 34414
65652 72114
79768 84171
69808 81137
47083 51338
72640 73937
54476 68735
53599 64323
51839 69117
16125 45874
63743 74002
74375 79984
62153 72266
74124 82956
70103 81583
24828 26413
3664 4271
2219 51013
43539 48098
63070 65149
71769 83796
56710 82778
41534 48452
8680 58302
35224 84301
24136 31031
78627 84200
55073 77991
194 38093
54500 68057
59597 76898
61814 78094
61230 63354
71450 83080
84607 86314
34436 80627
42734 70143
4697 15014
48294 73824
81154 81620
46418 53058
31089 58025
6266 65567
80909 82516
65563 74495
82747 85355
52139 78940
47097 75291
11564 13986
38193 58483
5740 17668
24673 78235
50676 68909
6564 36149
10637 37790
16135 18810
35377 67245
73791 83044
86290 86314
24808 32019
68854 80788
85008 85240
83200 83741
76901 81413
28804 70881
30743 57421
46404 65420
36923 54475
54214 70698
59065 83448
44284 44736
68048 79543
40455 76874
9805 29650
27079 81311
67486 68089
17583 56320
38344 75257
81785 82433
53405 69214
51878 80002
13080 17489
76642 78144
57017 79149
62427 83783
78944 83178
62458 67993
27199 85452
19622 69568
62338 80093
72021 74675
11899 72524
4975 51044
10576 57796
70909 86288
59860 73230
67567 70265
38233 50739
61402 69239
33317 75349
25073 36829
65615 83425
71163 80173
39796 43846
70623 76771
54351 77372
15364 47606
25321 46928
24260 62606
43732 68661
41692 82280
77780 85661
49630 83793
45883 86208
44844 66823
29649 55405
72814 83822
5269 71590
7910 41455
400 43972
36772 69327
67877 74981
12427 77767
68437 72496
7401 45721
49793 63541
10345 34032
18790 58376
81318 83281
47149 49106
30292 70605
60639 73428
35142 85605
59526 67237
6229 54816
10011 57726
39549 84459
77469 79165
73091 74006
72085 78072
26241 66028
46465 55078
31304 58411
13486 29778
20022 41774
27595 61161
75784 81077
17610 82418
80395 80410
78160 78845
43271 85229
22575 40057
31150 53080
3946 32098
52826 80573
68125 69595
41875 67774
82138 82160
16980 68067
47990 54306
76507 80599
25631 44941
18628 20505
34448 85697
45710 71118
50471 77862
51670 71262
19514 50614
67774 85277
2558 45724
52331 54765
86009 86383
61382 85840
85332 86023
21966 61792
48946 69311
48035 81889
39431 64415
64181 74999
80188 82740
84742 85397
70907 78969
41952 81548
76233 81115
80871 84000
10599 76901
85017 85619
17968 73713
16593 45982
62752 75856
67878 76179
9143 17693
83225 84266
43573 76540
65258 75907
12086 23174
14515 79955
34826 74900
68409 71503
10776 77958
74910 78119
76698 84797
67604 79596
1221 59415
42286 42477
78614 83138
78318 82092
79263 83861
57606 66402
69226 84347
75173 75415
4393 23954
39424 42004
36738 44576
23792 62164
65702 66834
31782 49073
12299 86200
48107 48758
70215 79204
45715 63191
72988 78517
24532 36651
19404 69972
60104 61073
54951 82363
80616 84526
54307 60807
25897 77847
35005 46069
56501 83758
40576 46310
19981 75473
60209 63100
4171 9582
36462 53587
65869 86333
33063 55598
54147 69580
81655 82188
12404 69446
40768 70170
4493 9262
75172 79981
21961 52843
44073 71231
79753 82929
15811 47354
54558 55800
21817 63377
51824 60042
42438 45555
201 28421
51750 67041
4735 69275
692 3319
25626 52222
11551 52316
47194 79773
22507 81718
45266 77946
19419 42864
14847 31520
35813 83345
10403 73360
17783 21425
40445 63056
49722 69973
73556 85345
45928 86359
44873 68438
49491 67677
75000 77131
12410 82703
56138 82510
6898 69962
78753 83956
15893 25649
64627 69038
4922 52019
35168 38195
60110 64589
8036 41365
35129 84738
75762 78507
76136 85519
43233 86222
77538 78151
67320 82067
9724 48206
35486 72447
37487 40170
31628 79279
45007 85209
20694 36636
26793 80749
14549 19025
22990 57957
24297 79311
82834 85118
43209 82589
66779 75109
66893 80017
68109 70395
1677 15987
20800 57799
61903 78466
75425 82411
32674 34087
82999 86241
82771 86078
56585 71870
43842 68651
6174 75047
71525 85484
15990 35536
63503 67106
31168 53944
7686 85466
85791 86229
39807 77520
8681 40034
74917 78380
43065 58282
15467 16686
3779 64800
78050 86082
35748 82201
7047 12269
62648 65318
11 18095
77867 83883
2483 17032
23649 71175
9572 16190
18006 76960
28884 72259
64694 83219
51675 67895
23538 70008
24506 84877
72352 84146
73519 82666
46899 73891
28722 64557
43026 63952
61456 79894
85365 86314
55059 58461
84527 85838
31744 56356
43212 72929
15579 25888
20462 74788
86246 86326
20886 30964
83177 85385
23402 54235
73128 74909
44176 56141
34434 81192
47301 54729
70881 75755
82206 85117
22727 64405
20815 46255
13417 57814
18878 55818
79411 83257
64294 67077
30621 55173
77163 81063
12239 84743
51961 62520
27541 38152
79527 81698
63050 68194
70071 70587
26109 79374
36343 43386
42952 84831
19090 59789
31938 46912
81771 84508
25265 76429
79587 83210
81476 82517
54638 64108
3942 49139
84591 85669
43690 46562
13685 25503
76894 78750
4372 76678
49615 78489
37200 76135
16783 50368
20497 46254
50546 83705
27904 43141
46215 47371
65674 68884
28917 32703
36395 77863
76347 78232
68164 79202
63311 77424
43480 75279
79276 81071
82879 84986
29716 51539
65041 77263
42729 80034
51069 57306
2078 76826
71511 85858
70979 72275
24698 58977
85889 86108
9119 44559
14229 41100
48831 71089
57124 61911
67371 79117
19066 65443
18931 52468
379 33537
52458 67386
36606 79395
45018 78437
37638 81880
83830 83899
55177 62657
19740 35962
6760 23058
84231 85243
13488 74668
77753 81701
69229 80693
21576 41217
71112 76290
38836 44468
23980 39305
22640 32478
29632 83704
77227 80489
69828 81590
74341 77882
29767 35411
14529 64947
63668 77508
21279 82990
27496 31532
21901 40228
32667 54639
70355 79632
25958 34248
31796 76472
68366 84614
44659 70484
55274 70721
55726 63370
13684 51142
43072 52318
85403 85725
31181 42101
76034 81761
41829 48694
25215 68764
18191 70188
17751 47831
48682 64329
81937 82716
42869 56846
2682 75925
52838 83003
22810 46258
23288 85508
40585 68068
43155 74273
84770 85959
56392 84556
20060 48187
57140 79843
84608 85338
4599 44984
49705 73574
67486 82295
54161 74732
493 62620
71625 73557
33188 77735
84009 84609
13719 56720
63292 82432
66657 70671
70656 73733
79373 83041
6134 44198
261 52108
5081 10999
19450 50035
19762 35311
78097 82174
40509 63380
24082 51436
9473 80270
26116 51636
71039 71447
45140 49538
63269 69507
27718 78173
44236 61750
40374 48883
9244 27510
43120 54992
53846 57878
47022 54525
718 59917
27488 39634
30901 61843
34309 62471
76551 84119
25260 81349
45252 79721
39122 51226
45175 65353
32124 40855
48619 49492
60299 61001
46436 48053
81979 82377
38394 61597
20988 65637
50699 80643
28059 64492
79495 84722
80659 86388
15071 73740
78190 81592
57886 82260
48641 74342
5209 80825
63211 86154
11233 70391
8957 13272
40075 68228
63943 86322
72872 78403
68360 85434
39891 77525
18235 52507
67239 73097
62263 78692
80095 81000
15222 85016
14664 69455
1702 21566
27284 40289
40813 48657
47799 66278
57910 81631
40471 54955
59570 70007
56636 78919
75888 82880
48394 56125
73353 86390
49507 64410
15534 56660
29738 39765
42070 54767
72127 76369
69065 80778
78728 78820
40600 56640
61500 80955
68216 83797
59391 72038
56934 59801
20728 72692
62124 66458
33641 55321
37431 84499
56018 65623
4308 55458
71817 81183
48313 76702
83639 83681
7577 54631
68326 73437
44288 59089
38950 80673
74425 81206
25364 36364
33880 61789
67409 75996
23665 49565
32139 74862
72721 73340
15920 48233
48298 85288
74041 82501
5586 52812
53740 62509
56086 64629
6808 38611
83609 85441
47252 56051
2739 58060
45143 72182
25721 67645
33936 42734
76882 82304
39752 45341
23147 57086
41543 58942
51476 72925
85475 86377
38030 43718
53830 82136
70969 85256
11069 31049
15614 25031
66405 80646
54420 65790
65110 80464
13389 38567
83285 86253
25382 61287
909 71867
60536 83438
11425 13020
20055 79390
73202 76376
27966 42138
77651 83269
12538 43430
22575 84026
75283 82972
47656 60915
30770 71747
70292 70934
35634 60281
43182 83787
32571 43943
60547 72418
76292 78752
85655 86229
20254 31899
40262 70586
34770 60500
25480 45318
6399 64008
33536 71524
50389 53773
31031 75052
947 78401
33978 66892
14605 81423
72948 81203
85747 86391
62028 64325
81603 85935
49504 84494
596 23673
67459 74230
85439 85976
21016 45526
12443 66110
81491 83308
7709 13277
14884 27055
23532 55525
72039 78382
66514 71108
40502 74051
46947 73733
74811 77258
22376 78741
34761 42444
27836 86258
65421 66144
53246 71821
55125 67307
16774 30060
67559 86040
26652 39090
32680 56711
25470 29236
32655 71003
32824 65145
81913 85238
82370 84176
55529 86318
76015 80096
86053 86256
8324 62869
46687 60157
14391 76825
79005 83014
17790 43839
78507 82375
62127 85382
63059 63832
11996 30695
1073 4946
3247 67583
26003 79082
75096 82284
54139 81317
81018 81869
9604 62529
7337 41896
57591 72944
39096 67867
59740 82072
44449 69172
50142 76737
62570 77687
70874 73986
36873 66477
36918 74072
14369 25328
53888 62641
37044 48395
27077 41781
26949 77841
36727 47444
8399 13691
2488 4312
9308 82742
73212 77153
372 72703
54926 63395
57476 74045
13854 32119
1730 17563
65170 82295
69758 80535
45138 83580
38938 53421
42708 45570
50066 82284
38740 84331
7664 59222
13445 39784
20313 47749
38508 60825
350 67753
83916 85048
68915 73758
26987 55088
48298 73185
41004 68097
10973 48019
55095 80931
38196 66551
26279 66803
79163 84844
23792 60091
74829 83219
40242 79199
50209 67940
25645 69733
22684 54489
80372 82661
29701 72387
62830 80252
59477 64020
75480 80943
61693 81671
21272 83605
72703 79405
7721 66757
85812 86321
2753 19498
13958 59681
69393 78686
7889 14464
80588 85929
31238 37905
40859 81814
5116 39682
23211 35220
79756 86043
73433 81054
29467 43367
6596 68540
76779 83147
61034 72500
41985 61515
81138 84361
59505 62185
56274 81068
71992 75601
57468 84798
85384 86238
46566 56347
83157 85436
26210 61656
5968 31268
26609 58679
14901 46610
38518 47774
64157 83596
84978 85522
70495 82524
51618 51749
37280 41607
2389 78559
69764 82933
20837 84783
50603 51989
63500 80636
6956 52540
47325 63832
57895 68415
79487 79986
18619 57879
83223 84135
14843 53125
3367 6516
15481 75402
34262 48087
53662 69487
85294 85906
51463 53623
14653 85035
48821 58999
85361 85480
35202 63845
29740 81532
39684 41109
38727 47492
79386 79391
74756 75872
45232 49258
76911 79444
39189 73636
55085 72735
40777 56465
13318 33725
65404 83765
55974 68434
53332 81412
76479 85060
49806 81243
75429 75580
38742 50924
26862 54653
22819 82753
69961 70344
65122 77343
60699 79115
18712 79412
6615 31930
5840 34171
14309 65718
47547 86077
14987 75353
5161 47642
65140 82696
76144 77428
12754 64569
16812 61242
4733 86283
15163 31965
23916 82709
71513 78576
488 6559
63573 80482
53858 53898
9090 57258
10270 77714
27445 83541
23199 40427
74066 81392
60136 66019
14238 66449
56182 76437
29459 85694
18520 51635
16215 18326
17880 83291
27485 71923
57415 65838
61110 80113
63137 63162
48235 74256
64003 80859
55193 76968
29944 78923
9843 52390
76190 83850
54392 62928
9962 85894
76607 80661
43137 85537
34930 57392
63237 70884
1233 47367
1329 52153
28123 29583
39478 64742
14449 38314
60237 71581
25907 50443
11342 75714
13860 85920
32805 73622
18645 81934
81935 82932
50513 59941
35274 82156
39443 80334
40573 63761
83027 86224
49275 61561
9215 25428
22293 49056
79423 79964
45951 80979
70844 85710
75461 81745
37085 41028
81490 85885
64066 85443
85635 86178
29142 32231
69116 77922
21627 54115
22801 38500
84064 85272
33370 77444
63929 80803
12772 48954
20648 37315
14603 27762
18830 29487
59907 76489
50318 79567
14761 79535
41762 76965
30767 59531
31363 61751
48017 81638
35323 51634
67083 73658
79136 80754
51068 74169
77497 78821
52754 57748
28890 68595
7687 22984
78392 79444
31282 81657
21110 63291
56497 77555
48706 80435
15790 58559
72700 78157
29896 80608
35920 54049
61225 71338
47310 53055
52524 52673
23092 41866
71958 83636
7887 45880
50811 65229
43775 66642
15146 81769
82538 82889
25081 48882
74675 75434
42162 51322
61566 72171
43063 84685
61636 73959
80181 82806
6234 16899
59314 61492
7829 8658
62555 84082
37725 50678
64549 71362
21675 86158
51448 64863
64917 83375
22236 50661
73243 74771
80089 85317
27685 35426
68772 69396
55502 59441
70012 75108
27610 59229
59977 83154
6771 36396
52655 70035
51715 69367
25193 78652
37685 38889
66004 66872
51881 76007
80380 82187
56228 74560
5208 68010
35635 44706
72544 83068
52931 86232
83611 85086
27276 30627
83387 86216
62375 64611
55662 74684
73209 85434
69345 71635
25421 73475
21543 51859
6050 35109
70407 74250
64691 83816
76950 79158
69139 79847
74628 75248
72124 86093
27879 82134
63743 68198
14274 56359
53800 78501
58652 66579
4378 36620
77637 82677
40809 76695
79025 79537
29375 64424
27592 35469
5246 20675
69363 69404
84459 86360
42405 82408
61742 81608
1457 7595
79457 85878
16299 53348
67965 72139
77545 82927
245 29634
22534 40170
82100 85690
9477 80389
72442 83436
476 54605
30367 82989
53711 68794
13248 19471
5804 27013
57439 84694
20496 31514
67185 78130
9231 45138
14036 49876
42517 43698
53377 57640
81056 82170
67968 78153
23059 35867
48391 72600
43264 51234
58258 63089
51393 59789
57693 82935
25015 36953
22991 36870
47026 60418
15541 46827
75936 77193
71042 76629
8424 56199
25836 48064
1007 36774
25475 86360
47579 48150
74509 85322
69243 84169
12482 28651
5946 84978
46678 78170
51862 73546
61607 67189
65667 66507
30881 72193
44963 76442
47565 77350
41784 68148
44791 81703
16390 70624
19035 84442
44937 73229
4127 75074
75924 82288
71577 78578
1035 58012
31313 55875
78403 84451
63657 79935
79634 81725
5771 17062
50328 59934
10020 15538
19285 75875
38383 73940
18839 23845
77141 85382
10134 15810
8199 37240
11347 75547
40212 70495
29468 50139
71472 83055
16098 81446
44254 60331
5144 12974
85772 86247
80912 84863
8641 45642
3972 26655
40531 61474
60546 61332
53749 57823
43014 68448
28388 50354
18904 54330
73204 79829
16714 76355
73103 77604
53341 61445
31122 47704
54623 84193
66454 72126
49222 66859
68540 80786
16958 74221
4838 28831
289 72677
66160 68582
67108 72688
1506 85160
20141 38377
28026 39484
29528 47428
21710 48879
46978 51498
69287 76779
20310 23821
558 79040
83336 84432
14052 18959
63940 78800
58523 75016
31094 85793
17415 85267
26430 47939
55068 78803
65121 78054
80342 82188
11103 25758
49643 80466
53756 55994
83214 85861
28060 63365
34301 56668
82146 82401
24764 46784
39446 48831
5820 71079
1442 46678
48013 65632
34435 38784
80901 83417
32835 63152
58561 73104
16857 75797
83725 86272
43591 69647
16325 63071
59303 83983
37570 39294
2971 29537
39295 78237
31339 80595
50569 58936
12220 50294
46141 52844
15326 79895
83234 83243
67381 78846
50830 51344
78041 85640
46743 67905
75965 86039
52309 79665
56292 63365
61766 84211
39240 72266
63366 64572
50489 75487
28825 66010
75510 76036
38410 41718
11431 72505
78654 83116
2097 17028
47089 84703
29262 39464
53832 68608
3538 26347
6183 14382
28555 66199
13715 19695
72428 84656
24621 66078
85028 85206
15851 26731
24248 50958
14499 77663
30288 32267
49895 77168
62253 85918
57339 66705
26976 71892
62340 69333
34613 85238
37477 45601
35554 50790
14920 62018
49278 70320
64144 79392
48079 52884
49579 67411
23492 80211
70777 85167
57714 74135
80442 84868
84590 85346
2405 74300
48652 81854
69357 79144
11264 22686
8543 60035
53265 70641
69957 83865
55221 60264
75953 79757
83287 84208
74468 78902
76720 85642
65019 76278
72575 77286
80419 85061
67159 78645
58118 85495
12237 13078
63363 68510
69895 79154
4610 82516
42045 80089
24681 45883
29982 55693
81292 85405
51052 58726
84573 85909
5026 53053
49387 50659
34471 73614
6444 59566
47478 51872
55355 66409
5928 48323
77143 86286
85658 85717
46381 53063
27056 37306
58574 74867
18410 41698
32548 51037
11703 84323
37081 82215
28393 57635
61220 83866
75673 83217
5018 24394
28426 63416
44667 45407
22564 57718
31154 46680
27655 85980
30061 32922
104 26713
58631 84838
41231 69244
31124 60172
64679 67625
2714 21330
67148 82936
51952 60986
17066 78549
65493 78062
74542 82775
71953 78283
73932 79973
67347 80424
61187 76539
75664 81487
8152 41840
75916 82509
47761 84008
71963 72764
45113 67465
81305 84515
57563 66629
44051 55179
54737 73703
9983 72411
68658 69769
61823 63820
83497 85320
63470 83591
42105 77804
962 75052
55337 81285
8943 28767
69566 71022
4753 51938
70272 79967
61328 72259
976 7088
39532 74657
71040 75367
24156 46633
37982 73358
34575 50514
11414 12244
22188 45855
25350 41599
31019 61723
72124 75293
256 42940
81986 82201
2572 81688
68507 82134
57194 70230
50130 83771
42287 57884
46143 49564
29350 30783
76556 82179
70837 73970
41575 76771
45144 78186
481 3386
21490 69105
77105 82488
10047 48686
80948 83990
74006 85624
81803 85827
2905 39703
77735 79105
13060 48012
49686 65877
10778 53674
21086 30532
80434 86257
68561 83862
17771 46344
1765 15692
19999 81735
37298 56950
42025 73710
8345 41062
16507 40794
76200 82098
31063 57623
65703 84305
56908 69961
41140 70548
55817 57735
75876 85629
24796 56900
49316 67830
57614 76823
6814 50602
23934 70216
6689 37943
69875 85621
78682 85287
62704 67113
38085 53006
61348 73078
35116 35675
56134 61995
9072 24895
79784 84391
21671 24192
47287 84996
8904 37957
18035 74864
74918 78243
2660 77921
54042 76214
20954 65874
83390 84219
7526 38946
66220 78233
78407 81494
39522 57858
63884 68372
48660 71984
36283 39005
44594 84106
70008 82328
22369 52982
80616 80765
78759 81035
68458 83499
23954 59674
48355 57777
76940 83103
11023 42027
64667 68111
49963 73160
66018 67048
4089 26355
2375 41656
83390 85481
5672 20681
4744 37692
75027 83036
58283 65430
43284 50058
26366 29645
20875 70719
26985 73751
41851 77038
76672 80190
62027 64387
77101 83754
26161 56862