76011 79963
61009 12336
20154 53395
60740 9887
85656 12222
28743 15571
63656 88184
79245 12135
60452 46828
74501 16746
38514 5121
41943 79399
43988 28463
60912 99956
64827 53759
50217 63059
55416 892
33910 51236
25118 47072
72259 21888
62177 24733
79735 71821
6478 37616
30009 25376
29618 18718
98158 48555
33313 43135
94984 85535
89659 30102
88098 58405
1262 67010
45963 11800
51097 45305
1983 55222
303 47181
88914 17435
61539 57598
15681 86144
56659 70593
5851 74058
69869 98685
19626 97365
69533 37483
98294 80716
3737 66808
85542 58991
44517 52335
84569 29890
73639 8017
69960 48175
57956 11813
48368 97838
13326 17226
29963 16329
87243 7231
46325 24246
40345 10786
74773 81746
78723 96820
13002 67109
44608 93052
17750 32124
89429 56463
17898 99219
45235 33117
61067 35560
9668 5729
49336 96299
49063 33199
42655 13249
73042 51300
26917 43549
28326 4412
14333 99780
13657 60850
23647 33214
67575 26912
35746 6427
89884 73251
7147 97602
73320 83875
29377 3536
80147 86355
73965 26570
54688 58114
83559 24501
70904 69480
82763 9317
63677 7626
84063 26762
23507 92814
60197 47556
34789 42235
7004 53005
44183 18576
83606 82634
36845 17659
37925 85359
69779 3606
33387 58280
45812 78860
83362 38030
51726 40949
75185 75279
51647 99390
5069 3162
26787 31850
64407 41181
70120 1455
3643 93561
31865 43248
11204 29747
4974 79106
1808 92318
659 63034
88772 85947
66931 94366
5216 33388
53943 82983
14128 38885
76492 3557
79927 94375
49137 33888
22288 31455
89145 96904
71799 35951
61228 20636
48974 21035
85228 36862
40501 48244
69823 41454
76163 67251
99901 41393
96023 30141
37573 75519
42191 63928
15456 45127
92503 26967
42680 54495
20770 84977
91014 66143
28801 46827
35435 20263
12284 76118
66126 48627
774 63488
29474 25666
99021 86850
67280 74587
93609 35286
44539 24984
98484 12019
28397 61227
3958 91248
87079 87326
99773 32654
69327 63037
83749 54121
6724 94958
60987 66859
54866 91491
39208 92753
26756 37192
99203 52814
49088 88894
43292 70433
36081 65770
26070 61735
83283 22146
91677 48550
93521 97079
95074 83481
12856 6780
38674 89057
59452 278
74296 66224
19916 74380
62628 35764
34003 88127
78952 95874
59050 31866
44895 24496
85306 61710
4322 265
77221 51915
59511 77392
36863 83469
13543 9117
29459 70525
48299 60863
2195 76187
28287 36510
97627 4369
16452 29640
32768 36296
62010 62295
54299 55561
40014 66098
60447 83175
40229 58756
39819 76084
58219 49281
20624 90827
24501 66776
60024 61328
10991 36238
99331 16611
96961 95219
77822 92654
54328 48602
99266 81496
42100 45111
51950 64133
36803 89411
99098 47302
68161 32155
73550 52519
90933 80620
56102 26321
17738 47451
75093 51799
48445 67117
24341 29680
32452 83370
99677 12067
41211 14323
66301 92062
6594 7049
11230 53802
9358 78226
50079 13165
5788 97977
73608 92936
48736 16526
33148 64411
86344 78823
69631 44582
25445 15626
86358 814
35104 92421
51345 19668
26214 10238
89103 99425
91223 98099
56087 73365
4579 9199
93424 64261
72257 49732
70419 60315
52628 59883
14208 24789
21779 52961
8594 40372
37008 58119
98392 65069
78432 61244
67811 99825
85958 85766
19296 75753
38513 35497
46697 67692
21760 18643
91998 74109
51563 23458
40535 30313
38532 34775
85078 81399
21199 73155
37163 60216
97498 36158
78930 27372
36481 29371
42286 53670
85798 86967
80162 91082
87686 16779
64756 9698
77418 1790
20354 47237
89413 20555
99477 92791
92494 57763
15621 1801
39798 24633
67252 39614
18393 98613
20536 14167
52971 38659
4443 48506
61396 93292
73766 37722
49901 66777
10566 52867
67169 9035
11878 13637
59323 84932
74407 58412
86388 26937
96280 91223
27958 24472
56106 48547
38952 37415
49954 43960
55736 55527
7282 766
47203 29831
78890 23903
40069 35105
69041 3660
10106 91278
27221 69524
34247 50232
93076 37460
84166 3103
97267 6682
97772 99954
48183 90799
84172 99139
15364 43706
20167 54553
6349 46608
93315 74804
32090 67759
57361 19117
59728 87985
72757 63610
40647 12741
63984 84848
27744 54579
44786 37911
97265 57388
81715 10747
47654 23611
68001 71690
13436 23151
54967 96318
45128 81918
69001 4368
75356 21070
26250 82750
44248 48063
57430 14641
26027 8653
13863 46962
97393 54355
60894 8428
96932 95752
73188 40687
57932 87020
13384 19051
36290 38997
80724 78705
91314 54451
34356 11089
81497 51297
36920 46077
29073 12029
60956 22762
219 66319
19380 806
43132 43820
21632 8086
44143 44031
6950 89468
27741 50306
3691 91404
46147 18632
44423 32556
16103 48828
11994 26372
26308 99169
79289 61284
70167 15733
49582 25588
13990 82935
30555 7181
68459 20247
68067 46618
43494 80454
52223 79759
21490 9357
27439 34893
74311 88820
27849 93732
854 16682
33625 36619
69778 29539
75733 35839
81223 85076
24549 50491
12273 41697
80141 22946
92408 47625
88804 88358
31518 23900
32510 6800
54215 47593
22758 12238
79796 11383
39674 79565
77742 8542
55654 48447
45590 9830
14671 21765
20608 53824
84229 99286
97979 5435
39449 81454
74512 29665
47488 80322
57117 72836
98417 49011
45998 80677
10013 50039
32206 50074
37970 30475
9768 16412
73446 59941
68990 85965
64819 71288
77196 93722
82354 19216
63309 96125
68665 72725
88367 15568
13991 67340
93077 29274
26539 82439
3350 93211
33601 77005
38612 13806
27509 61577
64481 75085
23019 5736
43772 24408
2014 46463
1491 1025
36272 13056
72307 42135
79333 37427
72620 83167
64016 20962
23601 10593
50327 93237
57210 12392
9773 16928
43827 98435
8233 13539
27494 69772
33304 62238
2793 7086
75619 96324
86236 78427
28199 5351
21357 21053
34773 73737
78563 45195
12184 78312
6057 36070
58580 42485
29658 31477
20786 83080
86793 54193
92758 16380
26640 50453
70970 70244
96988 56211
80792 71820
57602 94355
42416 17021
6163 83151
89468 23501
42385 55682
10061 82006
57300 22443
43262 11054
58729 28845
5930 45545
47709 18022
35203 63372
99301 97413
58433 8110
86695 72973
93199 2169
8559 18605
72773 18627
68059 95699
66769 81085
26889 19749
91036 35794
95341 74146
57931 5731
55371 94861
43382 78407
72150 92873
65822 4471
59914 38113
5561 11752
98524 40295
30266 10530
3188 80990
88268 18569
13198 65772
34885 44964
555 33580
14596 45251
11646 1111
68193 9145
32802 43942
56919 64743
22639 10841
80764 87540
14880 43776
16990 31452
75966 42326
17735 40017
30893 51497
48304 27140
18007 13499
12865 67401
40344 55590
40481 44505
76596 22476
66578 39895
58669 57970
88028 54545
5650 58039
92298 92534
26287 71068
35208 70377
52136 14019
18873 65940
61476 45585
93659 6151
60285 69082
34032 43856
27341 71916
63787 78249
45221 61551
42763 78768
20367 13716
96937 8964
45958 86491
47579 16331
16428 59966
44815 52258
76621 34860
31481 54259
33936 38492
77235 66317
98137 6738
34197 35265
50664 94887
19319 18074
26445 82228
10359 3780
73457 40316
88897 24816
74816 34788
29279 43710
42398 77363
61148 20723
64874 70136
51057 17184
81135 77545
38701 80232
46679 52638
66097 675
64822 14684
95280 84126
32660 48210
47766 90504
64128 85226
47354 80380
89551 60944
67164 48337
80623 89141
10784 80457
7659 49850
91498 75818
26168 25553
99069 53156
34109 89008
14132 54931
41507 95139
42890 86618
56688 10044
90683 89063
62606 96376
64903 93713
3793 84594
15984 12570
38711 72626
81768 42123
47103 73118
28262 35202
74780 65959
54455 91921
99196 96150
79708 7123
4267 4160
30581 56679
22333 85336
21653 47910
73769 77523
7614 21834
5444 67224
15007 89609
39226 20953
99806 88473
56251 66069
78219 66259
24308 34010
71680 43986
76294 77591
49747 38382
72614 72831
6097 48189
58081 82160
65110 84378
35769 73059
14633 59426
34312 40969
74499 7210
55708 69670
92646 65550
52176 6222
15431 1506
81270 69085
6632 25660
78225 80096
98444 96568
84675 94152
53040 27351
97371 66289
18805 47681
60572 33359
71189 71058
39741 77279
356 1524
36202 59437
85570 63326
33467 13218
37242 72311
58132 25460
92194 47612
59790 50096
83589 60889
11095 81492
96059 23641
81716 28616
39839 42983
88381 21260
24109 15883
79925 85467
33437 49835
11661 9144
86872 82037
9709 5108
70779 95405
68087 42705
95588 86667
7754 22065
42221 53235
76255 69871
22099 71082
26540 15215
87278 7741
79805 44637
66233 30083
60433 16764
28670 70572
35826 87993
55710 42858
54742 36352
58640 50131
43131 38399
94882 24624
65297 38298
99519 84683
84484 48324
33814 74460
58535 36382
24372 23421
22926 9094
77781 77919
38323 16364
47628 91016
51499 40636
57797 91667
24878 42372
99772 38083
82857 57707
95379 31820
84707 730
97764 92364
69526 49566
42969 85119
87786 34665
63826 75035
3009 10260
23721 60873
57417 53810
9809 87168
42007 60983
28980 64688
97522 67309
67333 34830
20722 70092
20034 73874
876 23366
23318 5951
57389 68342
81234 69495
71639 12033
37735 89263
24986 6801
88137 27974
67244 9945
97656 96073
82886 34757
84247 39053
73166 4609
53455 96374
85319 90536
62357 11844
20548 24524
95334 67144
72151 15738
12705 14133
4889 4807
78367 53564
15493 29963
24790 63800
11701 88552
7847 9482
64156 96916
30783 53691
54604 52993
64946 34955
43537 60364
37615 81891
25917 75904
22273 643
94466 80285
43780 17792
80079 19929
41317 68796
91612 37046
81128 92863
42706 953
48043 22489
13829 56000
9774 41687
43693 17960
86034 15041
64849 7113
3983 83963
77571 68337
69712 13713
9940 9916
98098 9121
68967 93956
18836 26587
22508 13600
87217 32249
52456 86276
30474 32654
3875 99498
28426 55231
46655 48600
95826 87041
9875 56854
92632 23767
93122 49956
29831 77220
68094 45551
4830 16027
42158 17150
98938 18254
89031 44199
4460 55544
34988 90601
8750 2881
92650 97917
26672 48474
28204 42462
62976 67629
21220 93912
67891 50006
87422 20302
97286 41662
73400 71034
2565 32779
91425 46838
17562 56711
56895 59185
79648 52772
59137 25963
70001 17429
58306 75432
62089 25559
4474 90109
29383 54563
29188 58391
59637 5003
1427 78237
60355 41291
22916 96821
61948 1588
84856 42134
55898 21553
36295 87860
5050 24001
67488 7236
26215 71539
92757 25521
65610 92897
9971 37599
47701 76682
82992 43076
82639 89685
10691 13196
90416 12188
80549 89404
20120 25528
57398 92410
9401 41658
95219 9108
22402 36250
85034 61741
24462 61840
67933 84078
58520 41308
92664 94483
21863 14957
71612 35808
49259 76403
51917 51806
41432 1070
93369 56726
98034 69836
31510 35484
26108 32570
92854 69911
63419 78166
14575 64280
1056 7863
78638 94186
94542 81214
12995 54635
13819 28304
59775 63160
74445 70496
78824 6373
5196 66137
27071 14534
28311 285
66096 14531
92935 7439
45246 4681
37569 72976
71257 69621
38086 37141
42090 76856
22035 53922
7743 36279
30750 85934
40197 61775
15663 4234
39775 10269
17365 51325
57665 39651
89224 57895
99887 29269
60855 15556
53984 69356
57048 56783
82001 90166
56949 60577
43736 16780
31270 91396
45749 82899
54484 27320
37796 44630
23560 75791
70920 51267
22984 64483
84533 75363
40781 33115
95514 10471
58494 15317
83964 59420
75113 36156
43878 72467
33975 5241
69199 46930
96561 54024
11788 80663
93088 41090
63723 83457
38789 9578
50155 56027
24761 84775
38237 85811
63394 71435
50916 99172
11371 99959
54345 40335
16762 65371
47467 25863
35954 40677
20229 9575
482 49716
9317 82844
22595 34795
87281 47225
13851 18929
82409 62372
18971 24540
71731 60759
62160 69612
60519 50282
77546 60091
10844 9853
98531 34302
92750 17168
55116 1694
8746 64470
60392 12290
1550 2633
1628 23440
35127 45774
85415 3463
84301 731
68788 81915
34231 27464
75638 74421
7358 34056
20357 17776
46581 78612
2888 47854
67693 2988
87331 10547
65690 90370
42823 76372
43377 45069
24463 58004
11050 99011
28916 27111
11387 66884
41612 41130
77751 90200
4979 49520
8768 99643
53414 29482
5674 67523
79034 88365
2842 12599
73028 87774
83342 34537
10060 35597
37031 96296
15971 58700
39469 48706
15507 87716
5663 91501
20725 65268
31197 29582
91266 37879
49869 95456
96225 38711
567 96593
85366 59902
1303 72638
33824 92216
57968 28892
9232 32064
8908 4807
65373 32138
42936 96619
58711 39733
11848 81224
31173 92108
93858 68612
27531 3464
72511 96891
43514 75009
92514 45085
70186 4968
17968 39428
42171 82411
4105 26969
22452 91021
31945 45854
56253 62375
5400 4029
61686 22617
19329 77518
89459 70254
56144 67702
20816 62853
8878 87791
76819 75563
9487 33601
1645 80861
51737 67339
25184 25090
35649 71339
56615 81950
29822 82281
35599 27527
41533 75786
7727 19129
46261 65418
28690 22635
36711 23235
2327 2371
54486 66505
98221 75643
12199 65360
43588 12152
75842 97839
66605 76796
49093 62448
8636 57866
78512 40729
82568 79165
7239 45003
34577 34097
24877 29230
22232 37424
75832 83393
91209 25121
41319 3212
32670 26892
92185 16587
37618 31518
74322 70931
20327 58537
88982 73599
35891 51731
43170 6445
85870 74945
89692 40139
11716 35332
13744 3541
44455 16407
56447 99008
38176 60132
41673 77031
1416 78911
89480 17391
10147 13526
35434 84595
79771 11082
40353 23127
67790 42903
1493 87358
21939 82308
98634 14051
19623 86922
40170 66650
69199 25662
55599 91245
65157 93572
36608 11037
66496 85734
94107 38191
61503 67655
21314 63682
14959 99125
97427 27129
27753 44427
7190 71730
32907 51522
75364 43691
65690 77004
17 39789
94776 59365
97511 82721
37678 45038
73169 78966
78018 93387
30770 99728
53158 62881
75442 65003
91040 81053
73202 57295
77232 4179
25540 84862
89445 59025
51554 83695
83677 5355
97865 48910
27223 28774
26141 52961
77931 32570
31422 57468
63812 93676
79446 65167
40733 3167
2908 96643
5398 64076
25981 58856
44106 69683
75041 46736
24256 3723
14569 82649
94098 85146
5959 94312
89851 14929
77149 5988
70454 48182
24377 68521
23508 81851
13481 58784
55714 27556
86215 7322
79351 34478
5139 38688
73471 44618
38054 78373
73457 64404
61216 21955
50101 77741
17602 20853
67433 16712
12028 61468
10075 19451
31423 53825
45753 4536
24635 81228
51264 84064
61915 76787
87377 65554
82284 11941
96315 33217
42360 56219
60963 62
5530 28251
59753 33392
50876 76176
44902 64614
4707 58798
28702 20909
30367 99982
4969 16660
12727 49271
56654 81277
24524 85219
53819 84480
97046 9501
4711 70489
57595 97237
20612 28840
13086 85192
67582 65540
79993 94980
64728 86730
51213 19341
75871 19857
66413 81888
80773 80083
191 57316
99669 25454
58017 92924
43666 41856
95421 9104
70824 19411
52038 20308
31128 74547
33602 56620
26466 53259
78402 46005
7842 48412
75025 60105
31612 50885
32727 75954
99135 46675
47329 54387
86411 95176
97533 44220
26257 23419
99677 70611
28005 55915
13833 24711
43129 46702
83047 84394
64640 20976
47394 35384
35750 29991
11756 26520
84707 46519
15114 11316
61735 12772
26930 88515
55656 66343
22779 17740
43996 94495
71754 35830
62552 54737
99999 98109
28883 96977
21222 96112
56997 76831
3107 68211
59461 66914
38216 21218
96423 32065
11125 74378
71248 31781
54842 21042
45974 58277
29801 19697
41423 51391
36359 52144
80141 74817
97636 91102
52656 32558
53144 81903
13106 23876
90110 85827
63111 18283
62439 68843
39017 63030
96877 97283
82594 88603
42939 89302
96881 15848
30910 21240
81915 29991
46580 62735
79103 76006
24907 14047
95295 32089
24437 85929
15155 46259
7336 82749
65376 85866
67883 51389
66769 846
21280 90729
47372 81362
71528 69245
10551 82723
51021 60725
14239 93363
15482 1993
16239 64373
89585 81400
60237 53921
48456 47540
21445 51556
78133 66150
99394 62849
83841 52206
83893 51813
38159 39302
95648 13569
99356 99334
33050 67545
16369 16444
68389 16785
76797 69741
43273 38725
4733 5963
65773 29316
46135 8415
63743 59273
79280 45649
31243 62749
26273 13128
44489 15989
8448 32873
69754 59507
34129 22309
56449 42158
57056 39363
90767 66706
63106 39937
80085 41159
32789 91558
47944 1290
28703 39067
49358 92955
60339 4473
99486 46524
3102 85449
40151 71840
56818 76183
60794 66863
86136 32560
64798 28693
17696 47392
28326 53112
4460 48211
41860 30590
26860 71337
50458 45597
40356 38362
45426 67552
57881 1418
22854 11725
51978 28353
42641 22921
95128 2274
68604 519
71725 76437
72833 99956
13308 84483
98191 26680
69164 3964
39639 45307
71442 5436
95398 61887
36044 61150
47109 35373
37479 25593
41628 62772
5943 45311
30463 11934
18751 83052
52814 35579
74060 58619
11814 91388
98967 49760
45832 93036
96979 51523
37943 20765
16174 62594
59777 69319
15361 77943
7683 11444
42675 73378
40325 67376
3832 69641
6085 91243
73292 77925
94851 13538
29636 2305
18113 52199
69233 1270
66694 4616
34718 99299
43855 83249
50628 834
24573 2604
62685 55356
44791 26550
90339 67554
31307 14945
30210 91800
66842 18395
28386 42597
12405 66828
51263 460
31713 54655
74646 97551
3137 25215
6191 41839
17461 54060
95885 32935
72507 15039
7730 83158
13812 62872
49887 56737
26279 57005
90804 61130
53054 3233
2470 73772
41956 85511
20769 55165
37072 33828
38774 6151
6915 90564
66845 21200
51569 28967
84824 25324
27350 59513
27123 24491
71246 76289
47931 41013
40410 21159
64393 32120
59828 44648
92706 83061
4808 90681
3654 51158
79598 43393
79101 38154
62436 86073
15256 76067
22686 30345
18222 32784
92772 10287
81015 48529
78419 57001
14016 50402
27458 71358
11964 84518
71675 78438
35207 95708
45199 39333
99013 93954
71271 2607
56670 49712
81753 18925
48400 52533
40088 1826
50599 53819
74885 99087
34282 82089
33983 6277
69215 55058
60660 43644
37087 26529
47043 70426
34804 45612
7530 89434
64525 37167
66284 50894
42158 38894
33734 85912
38359 55604
49205 32084
64738 89826
21372 34186
86709 32023
69784 9021
3559 86926
20698 20683
53930 39190
94970 48316
22893 28107
20371 95879
72801 25435
5990 76442
44017 89382
50527 20764
9149 57578
217 62237
49730 23902
58280 78310
60155 93568
785 78791
56617 5843
81299 46580
62337 75736
89036 84115
35012 16007
17120 92162
44399 94620
15280 69398
81014 10890
51185 63455
38370 46947
58973 71350
13817 99350
58111 56518
25506 89672
91481 87798
13984 2708
17771 99463
23822 80856
33182 53318
82380 89967
83801 5243
78716 77775
68262 20077
4053 66610
20975 23397
44874 42785
61662 87941
70884 96067
99392 19027
18016 83570
85782 61558
3396 1611
65837 81024
51972 50126
89715 86565
26669 12854
80736 61870
80726 37513
41750 39640
56838 26399
21026 81842
23466 75090
67446 99347
30952 6746
49785 14060
50110 27709
38169 46132
97795 66698
58696 31342
8303 40245
8837 77194
72293 98682
81635 43779
71725 33783
30386 34103
81522 13355
84389 98292
51609 46412
77032 94889
64572 58283
32099 24957
10675 54084
14665 49553
5267 72887
59803 97467
18902 64871
28908 57000
47540 13806
19316 86630
18604 88143
16772 64402
98900 16510
49623 52894
43080 58512
39414 8129
70480 16570
31828 82757
23819 98504
55937 97147
43397 60636
91050 57793
11167 14499
68885 41072
68127 96870
29559 80150
83157 45261
82870 87127
89746 64117
31359 28146
56338 21610
47069 68756
44546 74485
58848 57311
377 29376
188 15616
95166 6120
34628 36150
30665 43391
53078 7401
91318 45427
35182 24541
87007 40423
60322 52657
83469 75084
50996 16465
20052 53443
96377 45932
5368 97385
37748 6514
54135 94019
28061 44442
96155 2406
20493 41153
47300 49043
35332 28054
85218 16553
83841 59593
46758 65555
85117 51804
39324 64298
83631 89290
56901 71618
94325 59806
79389 73859
87382 83554
76993 37496
82276 56397
26362 53778
69064 69323
53421 98855
51208 12085
33850 28418
13332 42094
53661 53420
83304 66199
13029 30408
92274 45715
11091 47501
75631 84359
49988 21302
6899 51959
79259 85108
31234 30975
71819 27695
52176 52863
38294 24577
35626 92780
42098 26981
9732 8791
62570 86422
55264 41686
77222 56646
5830 84494
21584 71514
648 19234
23275 54663
40886 72228
97071 35309
36049 81446
2597 56643
18127 79297
52114 69299
25263 10909
69203 18711
46063 52274
99317 66252
33804 85573
68461 62921
70456 64651
46841 86846
40477 72572
46456 53108
96476 62575
97302 15928
79055 51264
47480 99983
94053 55089
5649 5581
91258 96992
17444 94571
59917 11343
33080 62791
53449 83806
7952 70092
84170 987
18163 61016
92888 23591
83189 30689
86911 76185
45404 39223
49494 47168
93677 22028
85591 94143
6355 90008
3215 8934
59158 95071
13446 79258
64649 84754
64462 471
88645 77749
54329 20644
81445 30512
86940 97587
17890 56586
6291 84020
5994 6574
88134 4661
24899 87528
2244 30372
89390 31192
9453 39872
93455 82974
36691 41167
32961 26308
95763 74096
46935 65746
61707 57165
63468 21058
70126 15270
17914 17086
58797 16133
22010 66148
31815 60367
24119 62334
71179 61957
15721 54510
31299 18595
76951 32473
64280 99306
24624 30208
79082 55042
621 37700
81792 85581
81664 40021
92055 77976
80674 16077
34371 37196
74774 23687
93223 33313
36584 45152
52473 49488
96740 73014
32137 32163
14903 87803
60452 92095
69129 44019
76986 30156
86662 13903
95356 96291
66951 45428
89940 94452
79327 98491
89171 77413
64130 51559
48761 34047
70789 33876
40157 54717
859 50447
62565 95132
28007 43552
44809 92332
89852 19830
21915 4502
43067 51320
33844 15505
38312 77619
49662 43440
86226 30262
61399 49541
61379 38811
84971 19390
6835 31698
2597 76862
84580 39500
66335 73652
99733 62442
60758 17982
37314 88953
37783 52467
52059 28787
71620 74555
70951 94050
61328 36828
56180 29898
59493 44916
70321 60997
93531 22902
80994 14564
42366 25503
66968 16186
88492 98728
30554 91457
38651 41129
50297 86630
7709 18467
69836 52484
53481 18203
2782 79935
78890 97294
17640 29383
83541 92052
65945 39184
25994 67981
76204 84356
55376 41832
45450 96149
53511 82851
21597 5877
68924 84169
10512 65775
25747 52834
71997 17984
80709 57787
99823 79616
83294 99444
42756 64557
19007 15065
40141 61702
4616 15226
52251 54523
4594 13224
69660 9652
10144 40032
17075 71037
59146 79530
38308 81783
59454 86882
85539 51254
54755 90222
81645 23181
34238 43249
31474 38891
10047 97857
29988 11039
25625 66122
19695 67430
95174 19346
61082 68979
49564 70783
47083 64032
55589 90584
8265 90298
54341 75247
86508 49661
43943 72815
37909 18391
53635 67254
72858 6078
5331 3725
94621 10155
66340 78273
87515 9055
12535 84821
72443 88944
57266 21920
36706 37911
80841 96397
62218 64508
81088 76804
8765 82590
49239 55584
85453 15077
61217 73595
4447 19236
45549 43895
60730 38201
50311 41845
94394 50298
55552 51523
5929 5948
28758 85055
6579 89811
87226 5504
93792 95037
2773 97514
56058 53510
35588 10569
10601 76487
6045 74763
55051 2667
56546 31221
62717 77020
31639 73330
84994 90518
50013 70746
79438 73685
6686 60289
6748 66020
93547 82773
98962 8048
46800 56006
71750 49673
48297 85675
79626 23683
86103 1705
23654 27613
95815 12447
66327 15352
61462 40300
37546 67289
40326 84455
35543 16389
84268 78592
249 62141
73245 26026
85178 98474
93616 92483
23159 52622
40936 80718
4236 25847
61331 37424
46667 55500
48316 60618
59480 65103
19718 2557
85835 99372
98621 23868
3187 41352
42448 40284
37275 57180
66636 92780
13409 42217
19094 19830
43936 58198
3659 57676
20707 48342
26051 27001
51756 74936
86435 6928
56995 86833
72388 64449
30969 94502
95013 1291
37704 12609
87989 25704
65385 26251
93230 98169
63270 87295
21610 94730
30510 30822
16852 31183
82369 32734
94733 73467
29445 68579
60407 69519
2342 30359
94186 44020
86571 95265
87365 97163
81575 49435
9224 65434
52708 55539
31772 36735
99662 49795
13812 63796
26498 69572
70640 84258
22726 51537
49736 47155
53892 96665
70219 15381
42347 44499
51814 58791
32372 41969
4610 29429
29202 71608
41736 18250
58057 48015
9291 62157
32071 33448
46280 76194
58491 8140
26124 11981
38352 30305
41317 4875
21572 15529
47675 33060
44578 24895
13572 59406
55327 87038
76781 64327
12631 25582
15121 34102
40861 45634
62997 5085
18333 79452
28721 77596
99922 33575
46797 39965
20057 52786
91287 86447
58495 16782
23204 38746
75207 4703
8160 56980
55575 9280
21757 59969
30978 92026
16967 60456
3092 15927
30486 44218
94930 49378
33001 74638
88352 55187
96748 69530
10183 13933
51379 8617
96975 39295
13025 94593
28927 73452
51785 96788
5540 7994
92045 40621
31628 16687
88021 48143
37521 95250
45222 90163
16641 89050
51559 93081
95646 23761
28491 71839
47934 10487
64075 56381
82949 42629
88135 32371
7484 73663
33297 3769
13878 40289
8041 75353
94007 3185
86548 98405
92216 27546
35116 58902
31200 65423
22691 19491
62517 55024
54556 49135
6967 84477
60928 95484
18299 78396
26215 75648
92537 47440
39641 61756
19588 58589
98660 58067
29348 12817
53224 90936
54222 540
60375 90956
68226 95985
62094 95185
84903 10280
59969 37233
69267 91000
84762 72485
53363 43030
34924 81745
90864 70240
93969 62288
52539 23290
75426 41574
668 44591
53080 79809
19917 70448
14345 368
57595 44473
58948 25808
43331 51698
84183 20006
18302 90101
68236 26468
74608 1663
31491 54246
43793 81278
39896 92371
77233 36658
81728 12431
26961 28472
14226 89339
90250 61402
53009 77699
5961 18691
39481 63960
71813 29718
66569 59274
96160 74404
92008 1965
7617 43507
14548 36117
79121 82740
76829 99856
38033 25069
57483 10651
19004 3828
39272 68276
79674 97154
71504 14266
87263 71133
16265 63227
39044 48057
89472 3722
45495 72008
6385 65098
78065 91143
28726 79395
64085 76714
70835 55052
60758 87730
27921 26093
76529 70468
89452 49273
3679 24794
18217 69123
17526 37956
80679 55380
33979 440
94800 66084
28755 18302
22018 83913
85322 62900
83404 69057
73826 72709
94270 51674
28593 71731
31243 38729
74135 49502
36565 17458
56871 58178
36649 91680
63230 37206
84993 92305
13633 98568
49763 23871
25843 78243
33542 22796
34432 19116
72221 39852
85604 81433
91265 1464
1527 11742
57908 64148
25395 70249
68594 35338
98999 22939
71215 5653
66362 21381
37188 46623
55682 21340
71882 73825
73092 47427
8130 47859
66955 28228
18944 38356
14097 8679
74829 2054
83101 52494
65262 83283
12724 94500
84021 86529
77066 46953
50694 76711
95213 5314
11045 96541
53562 74408
55225 47924
57797 60017
67325 80068
73817 12991
76584 27119
64069 48346
50067 51698
84271 43885
83730 41094
4944 43103
98755 12768
4271 96530
32699 69845
9126 60072
755 52353
96361 94874
58252 57555
71438 47357
50960 96184
24400 46630
91679 68606
99253 25570
38045 48871
64789 62108
70611 20422
10065 22928
34549 51372
16393 35647
49776 39133
7669 26609
28011 38700
76023 10605
6277 95721
89373 52178
82435 3033
55821 13586
51886 42043
5675 10088
51786 97885
99028 85918
67091 67345
43679 19046
27559 56451
24301 96222
11346 54045
49807 41509
74847 88924
99462 88955
9386 35374
61134 2044
88527 56418
54751 93681
21431 36718
8204 35921
64424 54235
68771 62346
47975 77813
10651 39684
6509 72853
24216 1430
32516 54428
65881 35751
68249 80254
73618 72801
52179 90099
55923 96053
29734 14102
5505 8660
40230 75958
21238 99979
17835 51917
19357 5177
90799 46419
12668 20595
18745 76974
34154 47675
35487 81860
71896 40905
15506 71105
91881 89407
57280 49144
53906 58598
82244 8984
73966 29582
37085 25765
40072 43094
31229 99821
13494 24205
95670 77887
53856 19142
731 11488
34513 56260
34884 47670
7775 1734
87714 924
94582 9163
8765 45617
81531 24006
86834 41426
76014 97718
86986 96144
26133 56331
89290 85342
63074 8954
36509 45033
85718 83098
46111 40222
56199 71996
86343 46970
47816 5106
53110 87922
67416 44342
89073 81375
79548 63464
81708 62111
94936 21027
820 16942
67410 75296
90865 67443
43388 51303
99718 64386
86519 45123
3526 35877
24932 56562
29401 96809
26090 50667
77851 18835
14544 12868
92968 12088
30583 91610
85125 34272
32461 12663
19603 84401
70456 65530
81888 2082
8179 63825
48456 31619
30100 45177
2372 13437
69665 79957
62792 13588
40675 56272
53838 88389
90452 13632
27659 10654
52017 7212
31816 5641
79155 5792
54503 62079
84806 18707
40630 43598
21177 15892
52989 78068
37917 16165
23589 90031
69369 58761
28116 13521
52292 29364
35312 11693
23122 40578
40483 61154
46218 18261
74790 68274
68690 95906
2134 28016
96058 97426
88261 40504
58824 23429
65911 82655
32301 24017
76989 99918
25085 59829
26170 19447
82201 69711
77164 16931
20949 16452
48814 64055
21134 45843
79183 44983
45555 56271
68893 84670
11564 76411
98580 59660
51477 2918
18103 40054
48546 95426
12692 42862
50024 86499
26296 32209
36475 35665
5716 45531
26873 79593
75884 20588
96951 92047
96192 30672
6006 30506
37444 95003
45295 50600
63264 70996
99368 90972
10915 24610
11200 75110
84304 3835
56341 49471
71308 81566
11570 48715
24530 58299
67164 51704
90939 9314
97594 53547
89974 4641
52461 23498
50101 22366
90530 91630
16342 65179
45488 70044
1619 54140
45136 9025
82949 95503
18891 52201
2075 56395
67298 14943
7076 61814
35734 74152
96773 98313
21673 56524
17343 84368
32708 51340
84080 22436
7015 16440
74583 38987
37759 59679
35600 50566
82628 94849
2847 84915
49014 45290
58773 81332
53850 88005
43480 50991
19313 253
55152 70441
83750 98265
75975 38235
70262 95727
25711 71184
92316 3887
81404 93799
46697 33132
14684 15968
24062 45773
97637 84295
20625 13093
5278 51218
58123 8485
60481 84266
32775 31839
41134 74723
62714 5540
61237 78740
68021 61762
77584 77319
5533 67016
93545 18617
97529 21521
13639 48358
80089 65230
77433 7421
23436 66601
99116 72818
88656 66857
87566 76707
22321 97293
61874 33274
78091 36802
90653 46563
61663 17499
36833 63433
62271 88838
53839 86880
25498 71096
54339 51081
13099 72177
42392 46467
56190 55585
84082 24209
787 46633
66334 19169
78245 50255
28472 45837
31570 16927
96603 54402
40367 34115
62954 54174
7961 79431
84041 90603
81829 64131
30082 93432
54698 84799
48294 14072
97578 67954
10761 26695
76127 77186
24283 20032
90011 34444
93465 18098
81091 68436
70862 48205
65658 81229
83786 27915
13997 32681
65697 77332
59929 46046
97691 89095
2811 37346
8642 18352
53183 67479
12437 9649
57137 99074
85555 11340
82283 12786
65835 65591
41818 8833
98315 96856
63471 33335
71859 3504
58377 64910
83717 88621
82895 15882
89006 57986
42827 12521
70375 23501
30665 38358
3191 1819
8337 34410
50168 60671
43018 41446
46927 2865
94886 22153
1205 17750
85368 6666
30135 43649
50144 65747
33108 52724
91700 41319
76300 66822
73195 97400
79328 1105
98768 21099
74050 20928
12643 36602
22534 74997
41147 10140
24157 96161
50242 36462
42676 87453
68827 96859
80782 23351
52892 46105
31308 5251
10499 17291
28647 51837
53416 29969
14426 26597
22651 91745
71380 60179
29190 2206
20871 47501
84032 42707
26338 42478
2950 94226
36255 45694
79996 10806
42835 3083
12476 58340
34591 45111
95872 81902
96602 11681
25344 98286
61939 58919
43735 9758
5361 16696
78421 30546
77599 46847
74820 81741
63954 44170
5230 68558
30131 36519
48963 93172
31739 22408
29959 33263
15476 15312
93386 95319
68615 51594
86484 84039
34037 32889
70299 21841
48216 76151
34189 35198
22037 94026
12595 51922
78507 89661
69581 840
49979 17378
47538 11115
24858 61200
84717 91849
84160 57244
33295 86037
69047 49527
59475 5851
18492 34016
15266 63812
39839 28530
7582 25971
65892 58265
79447 42266
6859 94532
54006 89508
28247 96465
8604 50776
23858 43566
15162 23155
25356 38662
60836 97148
22795 94803
15316 66844
96317 65466
90296 97315
26711 40638
53446 10899
46438 89847
49136 76930
58761 92920
81167 46830
27373 8425
82713 43530
67348 99531
66863 87170
39792 95861
4108 49732
67570 5703
92874 63311
25128 5982
52764 7683
76617 84136
74375 16101
66752 29234
33354 39560
76846 91092
6323 19875
86925 26275
9942 72736
13006 19102
6537 29751
82831 99810
31895 5799
63945 8926
83513 45965
264 92070
48861 74858
70762 32706
67746 73668
60898 3573
75876 91225
97924 19054
94412 12420
31124 15826
65671 53510
24838 91819
32392 83681
46354 38767
98103 50782
60552 21223
48019 73345
34247 79550
74834 42041
79182 53829
48293 33707
70745 93548
82810 29480
34781 91771
3102 77029
7648 2532
78635 41692
67556 94399
91345 19482
22704 93342
90286 78414
7476 10959
10913 44601
16356 82737
24018 38139
14981 34792
61904 25088
35812 37622
17235 60676
3629 25792
69465 38726
19330 32634
98133 13266
86843 57770
40348 66365
66588 42090
93301 84342
42894 74282
20222 57259
12100 16347
50104 92697
68577 43878
5241 68684
57042 5317
78397 395
88346 27462
43964 3102
30877 22040
28550 95219
9439 24930
94201 63071
12628 11224
18092 36010
45100 51097
49885 21204
6354 26690
54445 82719
5924 37451
84261 61039
83798 22124
17236 62262
11577 43098
37399 45058
92253 37889
4453 36636
88901 30104
30944 28639
61602 9891
27503 29716
7719 62283
24386 92127
27251 82342
46746 5931
3529 91106
41172 46628
92328 84317
14133 67494
93519 40058
67720 17719
89332 37643
11687 21711
66882 58076
2658 54584
63938 75793
58137 86301
87522 27601
19448 45610
60921 77126
33916 73022
54011 34144
90425 81815
48766 70946
66220 15654
62879 21697
86682 89940
91002 42650
41856 48817
21033 51735
42872 10453
8666 15930
79132 12408
46443 29217
68308 36033
87559 92739
55429 375
15888 28716
14501 50138
72119 55164
92504 10447
712 59961
72669 12093
47886 11444
55207 47055
66421 62205
86615 23814
13150 13734
31698 66946
82146 64221
99560 94366
4425 10452
71105 4116
42573 8593
81036 63352
67518 73996
53358 48286
45720 48880
59823 77357
29568 27274
90297 60157
98308 83830
98861 54662
40838 51712
54683 43245
68931 5447
20037 76383
51237 85587
23492 67419
35564 97353
263 79907
24997 69855
61071 29789
24171 92590
64604 76509
16599 45074
3515 4799
13067 38358
19979 86282
71755 73170
88430 41077
44303 44609
15006 52775
77120 93412
26808 47444
52310 26329
20203 23679
23866 9385
69717 77516
82275 45383
89728 70243
5290 24034
73453 62413
8857 87695
4209 7623
42894 3386
9622 66565
56357 27644
66663 14657
61381 75103
98038 31706
68804 93434
8869 86045
92038 44634
47975 10269
18157 38011
790 30970
12693 7404
54695 83723
74860 71961
45613 26000
73628 27218
19591 69941
82357 72793
17118 78083
20115 25079
78313 92439
71843 93685
99046 81645
24959 55314
29700 18675
67973 33749
88844 19622
5227 13203
21352 62287
97301 22120
13410 38888
27754 34366
73069 65023
15890 59681
81898 77009
9048 21486
39989 71192
38006 94634
41851 85087
65231 82829
99926 765
16050 14270
42872 78017
98376 83430
52396 83092
18111 78720
1891 85275
52876 97469
58210 74138
21196 48499
28598 49110
88170 99766
94548 62436
21504 6067
24452 16122
77932 30818
15141 75898
92637 85989
63873 51286
16424 70045
88069 23592
72029 68720
82125 56417
12191 26167
79136 67195
56396 78924
12298 77353
61064 60856
8082 59397
43182 98321
86921 90796
28363 67444
55659 74683
2306 57350
50333 76143
29199 43001
45564 46756
67225 11084
77475 99086
58816 53957
43810 20210
63943 96816
8151 4299
99611 81027
66743 71789
55940 19571
68034 51824
89970 50465
78160 744
96030 14560
81230 61475
52265 54325
91160 99586
47916 69401
26394 46338
18974 77476
31134 11605
94946 17423
64603 59090
53306 92201
13376 64820
13448 5548
90625 65786
36690 20790
84374 70100
59418 4113
2491 50217
58948 47316
85738 62969
19646 40975
98705 33357
10793 6131
66773 93973
47010 15787
1418 42762
92602 95401
78838 10793
60242 6173
89304 98131
5402 91253
32584 65341
49351 76897
97134 39638
87135 19237
65409 40257
73269 1333
61323 49447
48125 71411
37521 34566
99673 83140
99509 32980
32992 14919
97851 86238
72364 77909
93653 19207
77949 72871
3321 75571
79768 62438
71537 56630
12757 20047
34729 63280
98735 41168
42628 60397
16141 66006
59565 23740
47334 47704
42744 33257
2592 12799
59796 31987
20814 41676
52523 14397
91933 7268
86044 54070
12025 90322
23027 7133
98217 41020
18525 85637
28303 39793
88664 46284
83925 83014
64791 84412
65116 68172
77065 82921
40890 46982
17819 93768
52523 9140
28006 31660
33802 15208
47598 67424
49199 43790
48492 53992
92304 36479
98758 52578
11013 32375
2820 8046
37977 20726
59515 94017
36413 74271
87171 90604
2760 97207
2149 47972
31357 59633
33992 92701
59330 76050
75237 70036
35675 64280
35614 44948
84278 45542
2583 82951
47443 56807
38598 28148
84232 82704
25364 1378
44529 47687
68793 13257
75261 83468
17962 94399
33927 41256
7890 90270
4365 67715
80316 2048
47928 34710
17398 21158
52483 57620
32698 9662
24358 29294
67048 23633
98342 10339
81354 39699
46034 81620
41660 56016
74751 51493
72557 4292
36435 80015
97474 34829
25346 53929
95324 307
78491 66819
84639 29651
54299 79669
94347 75335
61834 48008
55213 88147
95637 31948
123 45254
29320 27701
6930 63269
12839 49784
98600 58492
34504 35817
59064 12899
54329 78905
4306 35637
78318 34017
96550 30841
95498 41756
88672 66653
95512 93454
15687 8548
94500 6023
1536 133
45269 94610
89342 9610
87963 85888
52000 30441
77381 85355
56894 45684
44393 18197
18779 24553
88144 35743
73446 74968
58663 70221
29396 40515
53475 61832
92126 62717
12470 98418
96342 93480
65925 37099
42923 12845
71379 28127
40145 52446
86031 47571
60389 98720
73903 69781
81691 61627
5938 55683
95981 72492
99455 63663
90705 90156
998 43570
48705 3887
44589 99136
19717 48379
49795 40809
23182 7484
22753 87998
36060 24692
47240 32145
18288 3910
46852 27317
74046 4833
57764 64840
23814 86298
77747 50760
45749 2394
46035 96062
17278 33460
32586 41265
77312 76578
23769 33624
46814 32817
98795 31322
16379 78548
98638 84238
55314 19716
37857 35642
29239 39519
7246 79455
47509 52908
30772 39629
16113 11504
36111 90117
5941 61672
60767 51428
10455 9189
46406 43760
8451 91261
79496 87212
96556 12697
20995 14792
39640 67229
64633 25775
16812 14412
19493 15910
5954 33979
72978 7099
95455 40596
8934 53565
21444 92463
64650 20727
47449 50689
51205 89928
12950 38510
24117 96417
16108 84093
2995 85412
53060 33827
86912 50534
15748 11798
85958 55654
60233 73339
77077 37093
35066 44293
31475 24614
8625 3833
90708 42180
97743 15270
4564 51158
4835 9186
57374 73905
54038 80286
69802 88305
8127 92246
27670 77415
86655 82747
43372 11619
99571 56365
75460 67879
31896 33675
5475 74048
85629 80540
31986 43652
71972 36526
70589 80209
75378 66347
60885 87604
18948 80960
20413 65666
45244 63550
3875 11051
83192 96685
75420 84906
54626 7715
18715 86481
70387 4330
19612 15661
5069 80132
21937 41687
20653 3910
66717 83864
49440 55652
89067 83033
52252 71235
61844 15285
89120 85909
4276 37228
65339 65990
14918 39915
59445 68587
42161 46931
8960 65133
46045 96345
27909 54405
82389 58683
26760 44454
30192 4834
96253 41724
50701 52245
14588 88415
74831 64902
72006 80631
83651 13062
51692 29769
37430 95410
43833 55092
8689 65418
43141 41224
38114 75751
84335 67138
94676 17535
70519 60659
56725 27434
65115 70388
76589 20301
2821 27651
46187 20005
91818 2719
88988 29804
87507 86639
24802 56206
89394 67619
19434 68756
11403 96153
46381 55371
8624 55098
11106 68409
33252 3450
81730 46885
11002 49813
34644 26142
23320 35775
76291 43514
88742 12165
46492 8268
76836 5556
63585 38766
55659 4389
20859 66605
57804 23603
77653 42466
20451 72366
17191 72871
59518 58297
71255 25020
59138 72689
51988 43725
19464 74002
85646 75630
41424 2135
36757 93959
1077 82810
3602 17046
88907 60798
12138 60292
60104 56284
21373 47088
9262 974
86593 453
54356 48742
3939 91822
91360 66053
33257 69132
14798 47096
50791 14412
76595 58371
46248 89969
70833 19979
62114 60350
13474 40743
73289 84049
39430 20907
8243 89886
52797 47352
7055 18150
17513 23654
46786 32392
26831 8678
50379 39888
52177 52111
17383 62402
38751 74399
90340 84956
74618 40930
26320 58131
61010 66330
14227 12789
699 58985
62668 93746
96716 63797
31949 43695
95530 5914
51394 78428
93031 17716
55222 36415
17298 15269
41491 48588
71752 65093
78562 80122
27023 94111
21741 74428
25383 78654
19736 25637
54205 43263
40824 4247
93322 85675
14812 13217
11119 53163
29865 17029
25487 47093
21257 31983
56870 51639
4042 95105
80403 57914
65017 60416
85385 15540
63744 79209
5923 42474
49125 96311
616 32309
40866 97454
28711 77248
7776 11786
7336 78019
73144 76087
54957 10728
47485 26256
14929 41722
38935 15618
23897 21092
27395 76272
21295 56343
2393 35063
16341 19647
90228 46922
96274 57694
80113 67339
52617 30958
19708 35347
59190 20331
70029 42844
47978 86406
94544 17909
70012 39059
72213 7015
74916 54783
73426 14749
40359 49549
71986 99107
42625 71672
86263 28811
79018 85498
25031 38679
22798 99326
25357 56387
80503 72662
33588 35519
95756 4279
27365 25467
14009 17280
70994 34426
9728 90774
48758 39179
59820 74262
97976 46521
63170 68356
57773 60245
74110 56705
25499 44932
14168 50969
88024 1473
55674 67901
22551 67029
36255 60160
41085 98745
13657 50061
24734 53186
71695 26923
66305 962
64097 18377
91647 33745
50302 94918
9919 18576
3554 75276
58581 21419
33858 99494
5744 92820
78761 14595
91322 3673
69270 68765
65117 52643
19405 1593
45222 44470
70717 60093
36001 63184
69662 1324
30514 96017
47534 23327
87247 3395
98580 99273
62594 41007
55344 67958
89332 46513
96149 42676
89168 15486
46339 20582
53493 24467
82984 8236
30106 46496
1760 5639
59032 8448
62498 49695
82868 46160
52195 11202
1672 38795
58462 57529
62764 89583
33515 98828
38180 32224
34754 33932
27987 1898
39436 79115
80469 77877
34368 10116
54618 26041
49426 39356
36569 12594
31169 8474
19990 54120
41599 86223
98194 54563
93571 86600
23612 84282
97713 20969
84184 85052
32989 15298
18570 83912
84552 26003
4448 82440
85960 42238
86093 74368
85017 80756
1079 72712
39413 94001
9188 39829
33202 94955
42487 14211
78884 94360
6575 50862
95881 88901
4726 36324
49762 98776
36361 37199
10839 73475
54239 57630
36418 14350
87115 96336
43842 46171
18840 73650
13727 65275
83980 90160
71054 76226
79148 56852
96241 62966
46858 7143
32612 76251
65673 62105
46352 85356
20896 2112
75574 11964
97513 62535
86278 19865
70668 55986
94537 44416
64131 78942
10898 27807
99892 73384
36844 81951
13288 38082
71920 97162
83628 83032
71174 39928
88969 30194
10647 766
78875 78399
3668 25099
50194 61808
48097 557
85136 6104
81254 80627
5405 29251
37165 80005
5753 17549
4032 85802
66773 61488
66898 81674
61449 97072
48 39079
23180 51141
59642 73735
8577 20940
47442 86481
37285 26794
74227 16101
93820 87618
42566 9252
88442 15656
53491 35962
48931 61433
52620 84722
86986 86013
54169 1129
3551 29544
90649 77402
44230 81555
51808 28400
57343 2383
45063 13846
74351 32081
55678 26902
89364 5126
24197 44216
75041 36130
39300 36619
70234 45683
61548 1832
54449 43123
36972 924
52918 57478
81937 62641
25060 223
43895 11121
17232 59562
14308 45504
95763 43063
18568 1656
92683 54125
45045 42729
85350 53459
69071 34538
48347 34534
93539 22173
58223 23808
36141 8742
29721 91189
65871 76296
1321 67701
35648 11353
80946 73004
20237 44590
64498 29652
39731 31737
37672 85661
91424 32960
83284 97075
65167 39224
21242 8057
99811 50946
63972 1921
86572 39566
42456 50915
34763 69780
97953 76866
16023 78077
53213 54602
30247 32690
87908 4994
51521 42977
30261 59298
53883 98236
45506 16222
22531 73421
84251 13157
14370 42869
27779 82620
94319 82488
62215 11325
20321 23396
999 71432
39095 27336
47830 34555
37144 99369
36824 80473
34765 91554
47765 19116
17755 63745
20717 83049
59538 76815
65391 81753
45010 8885
91988 21531
26921 2512
45057 99224
56332 576
56374 63770
75984 93661
67395 75736
22498 31219
50106 18889
56412 15170
9030 93467
97667 21920
58548 27714
84293 37144
43287 16619
564 49402
64586 59391
76110 83031
55773 3610
76681 64029
32195 7858
27347 50027
24179 26985
56481 71429
5031 39699
22464 25898
817 97773
66281 35605
91275 45409
51368 69356
99169 12173
24853 1323
8213 49337
31726 95268
48837 21715
44792 8043
82210 69208
60352 55053
11426 30227
48233 63094
27428 6450
3663 23891
32799 80595
91660 31481
25783 57210
61227 52030
74921 9591
94641 61909
79939 90993
80416 29941
28189 65333
94971 27719
28710 3289
27649 30676
56584 30356
8024 5812
42353 93958
41304 49177
38174 77029
23817 95547
83537 4522
22802 15627
76590 40160
46120 65333
6288 82606
28379 38965
45347 52229
70297 2630
57498 97356
33615 11827
70066 69152
59564 66011
63032 3722
83340 57472
83696 88294
23391 81755
53078 32960
91408 41717
78367 25372
36068 52153
20662 77384
67384 9365
72185 34920
26431 23753
93105 39274
21841 45793
38543 12195
90530 31625
32954 25363
59984 6720
37209 68393
19556 82302
35475 13161
40932 30780
68946 546
97940 1408
67283 12625
10884 17231
60506 97910
39730 36198
36330 66960
57376 99132
38051 75238
4082 87561
97655 70192
34699 50192
56649 48101
46729 84814
64129 47018
21595 12034
75202 98983
46404 43111
1608 97996
1885 75863
68165 48875
48000 47336
34129 50004
27626 6887
22622 21417
20773 34444
90305 84997
81700 18304
26760 79073
24229 28308
22882 12586
51581 68170
41563 49440
61227 2193
76241 92264
18801 46893
16741 41086
41846 75643
43247 8739
30694 47488
7736 5974
4587 69064
11318 46289
56745 18160
30880 44217
36306 70717
91461 32941
95388 47809
47612 87527
40988 83948
212 92954
36972 27729
46832 38393
19408 51345
50118 1469
56248 29862
22767 55220
74201 17308
30374 29533
78918 72536
31388 16955
96186 84125
71692 25
86032 4841
2501 52509
82615 15992
62502 94818
91409 37401
97184 15708
21043 79322
62657 65146
40573 17962
65330 65980
78314 59356
43997 10072
73311 81229
83819 83949
12911 19461
71530 38372
51178 82095
9276 39256
11042 92497
76437 48454
89720 66646
77170 74973
55512 92482
27905 12177
65388 1767
39872 82549
16972 74216
46499 93144
24120 3442
87137 26240
44369 85781
60864 26426
44035 15714
94893 69129
18060 92303
39776 27665
66923 17446
60944 22512
36516 20027
43797 78782
83768 94798
16999 67096
17471 69335
45281 58784
73842 60856
30205 30052
64161 88839
29771 57584
22139 24336
54116 19223
85225 15070
1570 11525
5188 70344
9754 91954
46127 74062
49282 98731
47906 22900
14634 96484
93013 70717
69236 39804
78111 13670
80464 53207
53015 10083
82523 54832
25225 47504
44109 77681
13840 47682
28090 81696
39921 52596
27267 30621
48106 37375
97444 40685
36913 74298
1474 25967
41520 92549
45302 45334
48298 74668
87074 54035
64590 3501
44657 29536
31238 62703
98581 91383
49602 13446
89910 19843
57739 12336
98337 72905
5334 87820
52620 62884
69813 52970
14537 34348
37457 6942
79141 90896
84173 72292
31219 35771
47577 68178
51993 69013
81799 16568
37315 23424
58296 89018
68317 60529
90924 22450
23794 98280
57039 23198
32007 19578
43679 13463
72293 75628
26037 66508
32152 56672
11617 99823
97682 29591
51734 69256
64801 4158
45474 75832
80238 49529
68688 72492
54338 98561
54460 78216
46664 78921
72528 4931
3618 64200
15692 6787
10365 531
34773 94397
17400 75631
6818 48105
65222 8855
86642 57764
43457 15735
5240 44581
81131 22501
7585 3793
73639 59337
92227 72911
16975 13247
22676 27062
91845 22470
20453 9462
94586 96405
42425 97135
15969 20033
6023 82109
77657 19025
53249 60282
70042 9871
79763 87678
75901 78271
48586 55734
33072 52897
94075 42060
19520 1078
21726 24177
26895 28567
92513 78700
23116 15623
38121 75526
2854 58038
78930 7485
26544 38648
19813 81324
80321 14150
70962 30477
91884 13817
54338 14485
41842 73534
51178 27626
98934 11248
46037 37658
6817 69987
10223 66985
98547 48847
60107 7869
64509 79329
50646 31283
12705 71953
24195 30430
24302 639
38475 81154
30592 78261
61351 73545
56905 1161
60357 16130
66320 88486
21771 74490
19049 62473
73704 21258
54124 17871
50234 91178
23824 33410
53700 68814
54690 52147
82887 77269
92904 11061
85817 3622
41387 13137
80351 36068
14322 34693
15876 87891
94857 40201
53945 71707
58819 34327
50748 93947
94124 81868
27592 17145
73797 65843
25461 57122
76563 47477
50763 59316
95507 69352
49035 30797
21958 26320
76895 48388
92390 41540
39769 34934
66728 48672
52525 43103
77988 93598
54740 70306
82645 31608
5423 43524
28338 43611
2452 15311
55879 5522
50112 43192
32628 53142
98056 79586
58417 84907
36697 6071
48843 75879
19030 88185
57831 9346
73144 61037
6952 37627
92025 10740
78047 13431
8584 28517
72210 67134
22152 11739
1080 38161
84203 44502
95678 99496
59718 88569
18495 66569
82364 33424
32092 94885
90499 34940
1480 80007
72653 6394
96815 60846
56529 21015
16129 3172
9498 47034
10714 60751
25160 98782
30779 96236
64773 56469
28383 73992
60781 57969
41839 85559
73974 22720
12739 93867
6466 67993
62991 91552
33911 81872
69248 26222
39208 73325
18875 54994
43049 40912
69075 48403
96770 87098
96133 94213
8391 95039
38420 63512
54305 34961
29753 52860
64817 60915
15234 74263
76016 13772
22947 43745
57502 99347
46019 11502
78594 8924
70294 34307
72271 68883
72032 3924
22702 22242
96483 50264
76547 26525
28336 84399
55097 24221
64337 25856
91753 69144
60726 41053
79223 82504
88494 51541
15815 61401
7655 39349
24885 81961
27241 22807
20161 89971
2159 9760
9229 67687
6227 44633
58396 52123
54170 92980
53912 17122
50617 88940
91742 25938
98492 75282
59192 40277
8979 21742
5502 24164
35670 60779
46646 86891
6130 32393
51278 72560
17792 49892
36172 20590
85918 18742
25508 1501
76681 61906
6016 47291
99836 75399
40565 70149
70839 64998
25463 42757
52117 58730
99685 53365
42612 44926
61564 56074
95609 82307
6744 42993
64580 74209
20917 20718
24303 35428
95525 80743
73344 46710
14908 54528
47423 73013
60293 63081
21197 73663
7322 94249
77541 98063
57666 52243
97389 66531
3129 55046
980 99021
46316 14582
65052 39420
40235 50711
38328 67044
17059 10849
25985 30787
30510 96769
44343 64669
24844 49277
33569 41382
22492 31794
82456 53593
16523 12803
60952 7623
9232 33299
67416 18231
10553 44477
14264 68868
15228 11096
50554 64471
16187 73987
47424 61770
49869 78763
31738 7350
21044 60712
9401 19020
39130 77784
39082 75814
67724 64396
4409 49250
95364 82190
3013 55608
54832 78899
32028 60452
61887 80124
27125 22058
79590 99124
3050 12301
55848 16673
76331 34075
75675 93672
56185 9451
76770 71799
48096 96327
69742 23577
16240 75853
20416 22269
45373 47461
94417 61315
77774 94608
87856 35137
51685 26696
80550 27890
55579 64931
1116 22292
58977 73717
13952 33977
37169 70390
15507 19167
8806 75723
23154 5631
98693 12903
51018 97383
27387 44528
70238 28085
10519 86787
3980 7419
50530 77648
33770 64128
43677 893
12567 96018
30646 50653
90826 60726
16139 14399
39338 1194
93467 73120
55935 74353
7831 67321
64772 48743
18008 31211
25943 31160
94241 65647
87633 21590
97878 11076
8662 87490
81415 95570
41581 61309
8422 4913
2493 95348
37004 11045
33900 19828
60860 93584
93604 79173
77514 1696
72297 99876
49748 78376
12100 68788
21143 42408
1269 40104
87472 20098
17040 872
14856 40302
16050 79744
16048 57660
11280 68789
64935 64984
75164 96791
45774 96202
9776 83820
47572 91514
52404 7043
1915 40395
20325 73650
99869 87348
33318 16492
92609 3693
22708 14196
3535 37225
67040 35436
40415 89681
2934 71774
17250 77909
23233 3360
40783 98176
52066 97926
50798 12461
28586 24630
25337 33441
92814 72334
62893 337
19519 30983
76598 97948
77620 43010
14428 19324
70578 97195
60506 95104
75052 33267
9090 26672
12143 72708
27067 98978
1036 47546
98575 84090
75859 72206
38836 62823
1853 54245
68482 43704
24221 80971
86207 50207
6877 52585
92133 74891
66598 31383
19140 69751
94753 88830
16666 38397
51433 96456
70372 18815
32012 41762
29538 17565
27664 36768
96670 13803
51109 95638
11561 12201
17971 11410
11089 40148
49247 29243
61188 40405
81153 58348
42248 13989
98248 24441
26480 19078
58199 78683
86689 68955
63889 86245
39363 98008
11114 68414
1704 24354
28055 66336
2345 23923
37303 13184
12909 47668
68817 49477
4933 93504
97105 73435
60921 68033
5211 23052
92852 72641
10302 66453
58471 85340
42111 31209
31382 61059
2631 81424
88740 86925
13330 53586
63846 81731
86175 73527
52792 67976
32934 8856
21897 99726
39295 1773
42004 81359
47389 23509
5121 57512
3337 99385
44891 24722
37813 41016
74381 67895
13482 78180
98797 78335
14863 91387
32835 33472
75139 91270
30343 78591
29540 24897
7586 13477
70987 41121
24304 5620
87538 52120
34843 5519
78576 96129
80078 8181
45652 53366
3305 87010
62979 54782
35209 61356
16573 64804
5802 14450
63107 34560
75678 29227
71563 97344
70002 87253
41550 40374
67935 43341
90719 10031
39758 1908
70255 3582
61010 27032
92825 37105
6081 80185
68273 3983
67530 71678
72083 75598
83789 71132
47735 72658
82339 49923
18731 26341
7345 70913
35926 46904
65178 21013
34528 64148
7171 52784
44734 55437
56127 2905
1785 70126
49883 7873
5643 14395
47830 81579
16066 31761
91233 29471
93176 90501
21979 14857
39612 77674
69954 28178
76384 90136
78019 938
60375 39527
45000 19794
90105 40029
47566 18451
63376 79700
58295 14613
18164 3822
54329 35086
7050 60410
74108 32063
54621 39583
91844 655
60805 33176
84044 94914
14605 36028
7746 78254
94141 5063
90509 28784
44727 37131
8987 49700
53269 55346
42858 75110
26596 36666
46799 39930
41369 37672
74922 76686
4409 45405
77919 42262
31416 73127
62386 95766
3552 7085
40770 71368
39709 21390
82104 56857
56273 76089
86873 12361
23243 91752
45149 69293
38471 15108
13134 30205
76650 22603
64252 97301
45977 97332
99949 42257
27525 30369
67789 705
23538 86101
15731 34166
80421 74293
52640 97454
68746 87315
16277 46256
59523 85019
57766 89671
52010 60407
27724 91500
56477 68243
70402 36520
92598 85081
77973 79476
89130 42757
45240 11859
68580 70199
60103 4646
10621 3601
63260 92880
1922 11963
37053 4180
91718 66415
98905 82591
85816 3305
79525 85092
97029 97391
86033 62000
99359 64628
6515 66121
54311 969
74153 43383
38586 65988
22936 44248
293 74180
2501 85969
71059 7953
92904 30663
10697 6518
30013 88144
58690 893
85342 22014
1311 99539
54632 91820
62210 62424
29055 17609
11559 46771
15151 72878
48911 40095
91551 13621
59201 68181
74263 25647
92802 70972
21797 63616
57630 42019
61629 57510
38921 97480
27690 62849
62434 70209
93632 71435
32592 86746
93088 74248
58825 20300
62140 98310
87807 17563
40236 26453
13370 37781
69011 10090
68530 54025
83402 4261
86964 12040
73168 95836
91066 90875
54424 24079
43985 21220
18007 61019
16476 70877
94179 57219
31894 99146
88779 62892
49187 96095
2416 69468
51514 99639
82208 48047
22915 730
57503 18152
86661 13139
17199 10875
17021 26249
18152 57665
42617 28417
72382 820
51419 95459
97638 80834
70261 25537
74675 95366
40213 1150
42231 96505
32354 2298
76477 85666
96608 80975
21223 93337
31960 98329
72291 97585
14535 66013
428 75367
95549 21217
31959 9404
8078 81563
35082 32689
48814 51206
87783 78802
67029 75677
33568 56986
80959 82096
18939 3702
33303 33072
69240 72562
84601 81947
89619 64594
17010 84498
18699 56231
13552 28978
23211 70061
13879 46055
34376 22046
8669 9834
76438 10454
69224 66155
56565 67683
15850 6552
17865 53463
52474 21852
75496 38749
28937 55312
77544 3074
57232 83487
82741 91709
68470 61519
67787 32525
34017 17601
4771 71644
62692 93293
3124 78733
45421 95027
53491 60514
25740 71528
70893 56532
46428 53886
78952 66511
89596 36217
23263 18078
8946 51263
84508 56411
10186 7580
2819 19257
89711 6041
68008 72281
364 46456
45524 39662
6385 42921
55729 94960
93742 93291
12658 69732
15491 34838
76002 31913
27776 88108
86538 270
1912 63552
2212 3557
70756 10281
3442 7526
42147 6639
718 852
8025 91794
2680 30291
20964 9734
77526 97608
54327 10670
13556 5510
69845 59049
38467 36685
4266 38318
44015 28810
35684 18361
98251 13294
31192 28397
91345 49055
5971 2957
13262 82828
20038 21152
39598 26220
40396 23757
23084 27260
56294 46401
23903 85985
241 47496
9374 9882
98050 44064
98626 72655
33283 36414
62812 90253
83831 47277
63151 26122
50776 9550
27114 86999
45300 36407
7992 38601
45964 11650
23089 23175
96729 39001
46147 30296
59826 67218
66400 74213
14459 3570
1006 50103
98720 68728
9785 42093
87977 18801
1908 63123
37819 38292
60131 93763
16812 81144
81645 43583
45650 7677
41960 20334
11963 12039
66234 27972
58362 84858
37421 24821
25586 89891
49223 55026
76163 92567
60151 66067
94332 36339
80209 68473
10255 17867
69836 83561
54449 49852
21192 29674
59952 45044
69526 62871
56758 1978
89931 17921
54618 90984
20549 69268
84035 88734
3957 82580
94219 3312
92571 11519
59025 66534
44680 6399
808 44711
55105 61750
15255 98992
64481 4363
88986 42397
96016 88552
91657 60588
47715 93001
91872 18269
40183 36110
83954 80381
672 10988
34413 808
11582 45200
10841 66976
66731 83469
34447 39421
76354 57007
55293 88809
5926 78923
63783 6245
19129 10300
33853 77252
45460 18413
95770 22759
58045 31162
67165 72971
30172 47202
74743 80443
35371 87160
7716 82166
87515 42826
36236 20783
11161 57355
48967 31273
12240 99063
50452 19962
28183 76639
1811 21391
17910 11395
33375 76276
39419 82027
81639 95081
39159 30551
11264 70084
79962 17494
31019 95253
96017 75263
15406 83053
12142 70258
21758 23148
86962 29057
18930 7879
82121 55670
57819 97442
9178 88839
25849 41908
69361 29264
24500 707
5420 97803
51973 44128
10459 74315
24681 93757
34885 93411
77147 21394
40003 23565
84311 96819
54465 11770
30769 10327
97719 86521
66201 89859
82328 65935
21922 48139
8448 37056
72438 84234
41419 34394
28482 2492
69664 99090
20287 31889
34927 7304
41117 33242
19367 59080
11379 60347
56223 87845
28456 8762
69578 99145
10141 5754
67476 7348
96014 25857
30282 81860
40001 47943
93976 36640
5724 43157
51640 36472
55576 77297
18149 76323
96485 54653
50052 6695
50334 52656
53964 41560
13340 90220
20454 1312
29361 60381
71921 14482
93344 96213
78143 99708
33221 60875
65162 96592
5569 93141
46239 40464
88268 7852
651 14800
4411 26527
33725 12486
39052 60246
49859 62841
48043 97776
62978 67474
45844 1005
74944 61785
77806 42048
85662 44360
21472 30788
9491 19136
97287 95881
12061 87891
84958 90827
28457 38018
98387 76569
14944 50808
56713 37342
44418 51971
7109 42736
23904 56355
29105 18545
37866 50276
12250 6262
65518 42025
66097 49480
64838 65828
75236 7158
40741 16248
20301 7233
57893 95105
33324 64082
79923 10043
44200 17375
57555 1029
64865 55639
7985 10910
12213 6173
96300 95876
33608 93281
42124 79872
6926 34364
82819 17480
56402 43744
94016 137
81887 66580
22619 96001
79943 1278
53226 93040
48103 49552
93674 94356
73280 282
68449 23601
95550 68441
93654 45518
78692 61427
29956 23604
89688 88337
72385 25334
43965 36444
10139 10387
74243 89323
38081 76403
10336 58549
81365 60788
70035 36604
55391 69933
60479 81560
34336 96111
50725 69321
24025 19290
2652 99098
13030 607
13801 81302
93155 95291
44714 44581
60385 54706
92844 62406
72885 32560
80064 84139
54462 5528
45172 10651
61196 1608
58835 97670
47905 44334
45908 84825
24307 77151
35426 85997
33772 97483
94228 33322
79188 20711
78204 23450
14147 32892
9382 1141
8928 54427
12120 8545
71697 13846
16451 70734
61558 72114
186 44886
91691 58859
88280 45843
57102 20803
35789 46452
52421 20061
47485 43218
94215 45958
97828 74415
73238 87365
56178 54563
59906 52371
64397 22336
75122 99864
79468 46723
62824 2220
33210 42665
72402 5707
41164 89824
19831 78518
88103 53531
23554 57787
48340 53831
9554 39344
68605 59510
35246 54487
1197 66241
48107 64871
48404 92481
26854 55263
62927 41227
30235 5353
9383 83273
15357 64256
61551 26630
1579 20861
26244 50464
84266 99736
88578 10878
59558 96401
7953 72982
22847 45443
51732 72599
9004 26984
67835 89758
86191 8107
18677 74922
30861 38777
86302 46933
11713 45069
58132 88315
50848 50057
59888 59078
82166 31382
79723 92966
25442 89120
70083 45759
49107 73754
25939 54913
83324 40673
42463 33443
67754 34087
86237 75194
29874 37064
90204 52065
70713 78456
39377 70435
88907 57186
54065 58705
21034 22098
59907 73382
68769 59961
39255 18439
81078 10860
51274 56884
87924 31716
43657 53186
95920 82814
23006 48910
75299 96209
59694 28488
21218 74097
29863 90263
40927 47484
7167 81550
28006 7698
96333 39762
50366 9446
90004 11996
12132 14639
47171 40159
24084 96728
78988 71668
84152 45340
84237 13805
5072 66204
20008 63507
63447 17398
52016 55023
87463 93634
422 17512
25613 31347
37158 97938
13291 98569
56737 71099
18391 30414
95714 76072
5401 81093
71522 5912
5991 34745
34992 71548
29979 23154
96064 6662
37391 99753
7993 24235
87151 59621
23240 67093
29053 84840
19524 56541
74835 15352
57466 59259
72544 8976
80526 29030
2777 43194
45609 95284
56955 86467
6082 61232
28221 51800
6224 80012
32552 21676
40628 66170
89640 67431
62627 16411
33611 56606
8777 17485
52788 81842
48420 16772
55514 99921
58814 80490
62320 19349
67345 93200
44074 65599
62102 7615
48974 1818
90076 35082
49054 35367
49473 42398
601 35953
46956 10
4387 25842
43090 9680
52811 42802
82255 73300
9948 17293
51680 79905
15221 46081
41022 6281
43904 51864
94109 50337
56959 66029
91 17364
81413 74354
46090 88533
4054 13613
51780 54593
54671 31719
91984 68010
85152 82948
48633 27582
88642 36695
41716 37986
69935 41337
87998 11774
12927 89927
49547 81797
14381 66057
93160 27883
62372 19052
64927 97202
97419 76772
67957 31730
10260 65816
41685 75675
54183 36072
97367 96337
23610 2994
91255 81132
99786 74754
35761 48604
78697 67511
41644 285
98410 2536
72055 30927
58087 9893
67285 4991
5348 88607
62416 54114
27373 80738
28803 61172
55301 1610
25918 46594
7213 75780
73770 7772
69575 52096
60006 78073
20136 33824
42750 63345
99537 74534
91877 57489
40301 50277
278 50967
30061 55387
73937 18503
55907 98746
98105 53209
3279 20701
50092 15610
36662 67450
11019 67610
3302 14247
60648 8910
43291 64632
46013 84674
45917 22261
3526 51936
43637 71457
17987 8715
94999 77231
62030 24502
10148 86827
80320 29593
76234 90249
23013 95140
13916 7799
90403 37876
84898 11126
20283 34123
31892 45599
71389 87273
93382 14641
32937 92979
55473 27335
36325 59387
69189 17421
52237 62208
59824 16754
69308 41079
50405 95341
53305 56235
96272 48227
7246 61873
80666 15615
51318 39773
62564 2697
92433 72347
57772 95353
19306 76189
66386 51642
79062 96031
99709 46630
22777 99790
44080 91284
38833 78882
69499 78288
9441 43821
586 29082
20466 47613
73596 47262
37541 47934
63962 76653
10740 45600
25 75908
7744 21441
10043 4708
20737 77130
53020 74862
7551 69446
32577 45677
12244 20596
98644 37585
88432 79314
66929 5681
21629 22540
15477 67438
36951 45388
39248 93073
4386 37840
28533 14983
95888 9227
83184 50669
14328 68104
54279 66109
88754 43344
30309 93835
35865 76408
25559 58818
26157 45052
34751 10391
19541 20896
55509 57397
73618 1958
26791 2489
33822 41291
69181 86018
26015 73443
56505 33585
61147 90907
31573 63273
55436 80633
20267 78739
89937 11942
82659 92298
91716 86221
48976 59519
10100 78968
93964 27535
96735 1509
91035 96505
22508 33763
81834 1674
5916 79967
64013 4615
64098 77763
66781 52930
1499 97804
23633 55399
89664 72842
62661 82222
67181 56050
29987 3536
11100 57919
4812 98554
27519 69342
19277 46195
50716 49019
92417 18472
87249 50805
79743 41564
57214 60339
61233 18080
18469 10308
15329 89183
76032 83037
21835 81917
14329 68362
22685 99943
17503 84530
52580 43039
98706 68533
37936 86528
52940 9437
13869 921
34841 18566
60788 25858
64304 97786
92411 11379
63446 30960
47115 50667
28471 40983
72886 59213
10004 91193
56613 86093
98113 84022
66506 84906
39216 80520
29697 9455
72132 48597
32887 79698
65154 58508
46097 38321
55545 16121
74919 17514
50927 35459
72263 55342
72043 59073
36185 24116
40636 24002
5474 35998
49691 38601
41932 51853
22712 17924
7414 29067
79350 47394
82864 18678
95523 55014
33690 29013
3089 55062
21838 92993
21912 39664
54777 59144
91975 10438
29335 48040
49312 4857
37993 32044
14962 19393
89901 55632
2453 20740
91260 26819
68742 21450
54393 74696
78267 60485
92336 83477
50563 57339
26801 86963
20146 18323
96466 97115
45372 1240
93469 74599
14227 74081
75394 91014
49875 93511
57122 59353
5704 61709
86725 31716
7658 57506
13255 97364
54130 55216
4477 33202
88479 2668
29446 87238
44738 32407
12527 58832
27435 81190
40650 83411
26293 41274
50612 36410
76646 11921
94113 17190
52523 89452
87055 87033
64097 12777
43468 69971
43467 44497
55429 3407
76866 14251
77140 34644
62539 53013
58924 31121
70715 35558
43976 55543
19031 16148
10043 30417
90684 56922
99040 57918
51671 43733
85810 34861
33530 31217
6624 56751
29224 67464
39752 16463
48162 2879
47327 85644
69661 7828
15947 63015
26654 80422
41412 79474
16857 57282
13816 60321
68467 86674
21344 78106
51437 31151
40731 20255
68899 89826
49665 16967
61010 62125
5749 7377
42791 5890
89678 19605
82421 35976
60120 56503
55860 62148
91887 9592
75345 69200
81437 69049
39233 93101
91764 19754
78998 7316
47651 26710
16000 91442
61492 77182
62937 17555
30384 97699
43691 70159
99134 88431
24288 41832
30281 2071
57652 50432
37974 22084
66436 35580
48482 47845
9227 78069
38123 41305
62422 42384
63611 71935
1376 62724
85779 87293
67454 35231
37758 8514
92136 76805
96844 50000
42647 84960
30732 35421
25760 7445
90663 5533
81514 2574
44937 62303
11078 49344
87802 70077
18812 31997
65091 95581
66207 48572
86690 6343
84462 55077
37638 45578
57287 57784
12054 10659
37801 12613
18679 60175
36628 22868
85609 69466
41542 92869
21264 85809
11173 69932
31176 93611
96986 74372
54580 50141
39595 77309
25244 85913
34520 4702
5826 91321
78001 56251
35873 65379
26492 32924
44346 98308
56360 87097
45897 81578
40699 34125
30959 15572
3443 28104
19614 47477
83467 94190
97147 48849
81875 86142
9825 51201
82289 7347
96419 62806
37152 48814
53831 52557
12407 86024
73119 50969
82364 22767
97537 42116
2050 78372
22009 73615
53320 8553
95404 31960
38192 3179
1908 59393
23720 53709
86762 70947
25606 64988
34155 31882
47296 81547
14397 41081
32880 1459
70673 22024
23866 81102
79925 96795
91643 86959
89818 37924
34149 59250
46673 20062
38841 588
2003 82944
13886 5681
63510 32570
89976 92544
90898 43875
64762 78403
14992 50708
1503 49154
42495 15739
41542 95127
1639 3419
79667 66252
99797 77715
58004 51446
822 91600
86501 83063
12144 57017
99215 8127
68435 83559
61447 60707
51939 85215
57846 76393
5076 80636
3494 75639
77867 13937
92856 26114
73113 55630
48658 97856
81039 95105
12909 5006
85494 19391
99073 32701
14333 3231
51966 50322
33916 41836
6181 45197
88420 180
75375 59491
31855 78834
93942 88475
3435 32408
85291 24169
36932 47525
60013 2284
99234 54969
79839 56695
48001 23326
60015 57779
73331 81910
24694 52050
84291 51491
41229 17436
44344 9717
28296 883
41039 81515
66419 24521
65853 829
36411 89053
79013 10058
44456 20272
40169 15937
50896 19763
16297 4218
49385 27849
81311 69014
56937 24575
10607 97742
41857 91188
14165 8108
87252 1468
98018 77036
34625 53383
21724 42321
51337 43906
58754 16008
85825 24138
46118 28174
35068 77943
55390 18213
10688 41629
56655 69546
53874 359
60083 58308
77 21506
89356 96210
46729 75845
61245 25152
46052 22139
80015 61706
10897 11522
76649 56851
35927 42717
43240 88313
63223 47670
52477 76778
19058 30945
83706 81367
29323 95864
53324 43007
14741 37411
24226 4340
22837 67262
28846 48423
77557 66487
90888 14678
8963 46415
38068 77619
76166 11792
81508 62982
75407 95957
56786 47230
98125 67041
99634 74874
47677 38716
13931 97204
39869 22555
68352 12352
20619 29432
26669 79844
9269 43094
63240 62322
25612 21693
80989 73761
82628 65817
96198 81057
22846 94941
82056 3426
84882 46675
25062 42740
14301 86237
75766 33194
67772 54055
18695 13036
7687 20641
46929 22266
92083 65041
2634 84109
25771 99267
34560 75368
49244 57254
96566 29401
30843 5645
51297 71360
62861 69806
58791 90808
2335 96742
51751 30879
22168 54373
86860 21495
991 18335
85395 87611
84481 76193
29158 267
29410 3295
8415 35799
22194 68830
98744 51522
34129 93992
3201 33888
8761 99819
39076 8862
35113 80427
10268 21576
27962 71230
61311 7438
72927 13227
12263 31581
91337 6395
83747 48501
89821 92724
24759 57877
21536 32467
70937 41006
51642 18493
25003 8662
11024 7638
37614 51182
95792 92514
81548 86651
31041 66702
77679 85477
94756 71699
92752 1188
84742 5927
52768 6311
22047 4209
59227 6005
93773 1512
3882 28785
74463 74894
7936 798
72045 800
56700 27769
354 65271
18125 29802
73684 10759
99543 17231
82082 89505
31856 30575
72327 64644
63612 25599
15367 20076
4498 15222
87773 87697
1852 925
83721 32642
70962 535
20721 35860
49596 41350
54828 28513
99093 31278
74359 22901
79242 60770
6479 3007
49406 11574
9232 2484
3670 70546
68550 23472
27937 56882
68453 33218
50812 54935
95702 50881
829 35823
93862 82741
6812 38160
75423 72975
37068 55194
54053 13422
99166 60975
39142 26602
95642 40603
91345 15514
23612 7659
25396 38712
96244 79086
64836 75938
6193 55795
9288 71812
2319 43766
85507 97928
66153 94816
68036 37469
91533 55279
72958 26096
29810 579
10119 80912
88476 15694
24579 59599
30399 79930
45590 52827
96586 61375
59713 32689
191 66102
98683 28531
77277 65114
87485 70945
80949 42935
64557 56421
1754 50644
56686 61570
34416 14254
95223 42045
40716 90881
74675 53698
85472 71037
57728 6801
60106 88899
74734 43193
74043 72503
54891 68697
33023 27761
99344 89182
34098 93824
25213 71670
98630 66464
9741 47360
52165 42148
16782 72501
96786 24423
66238 96992
83569 34122
10765 6369
47585 33916
23007 84585
82398 45834
50371 71896
98268 83925
86375 1110
27835 65902
78921 80356
38386 87409
69128 69198
95567 92175
52467 72544
26105 28158
15895 48139
45410 52608
91755 90578
44873 17333
85191 13495
83075 51080
72351 47511
35467 1611
39403 16829
41738 65343
61455 84676
64733 17309
98493 55168
82635 21975
65160 24378
78243 53645
97590 62053
99865 3065
440 79494
23666 14635
94052 44125
60178 28686
71282 87569
600 38436
39584 88958
18800 63960
56843 8995
50286 76896
53181 78311
7148 11061
50658 15778
91907 96403
6153 70991
13324 99718
43573 59376
27097 53152
69707 88093
30948 61276
21304 74873
70494 35998
90723 51452
6578 19232
2235 4263
5128 50492
85325 96157
66763 11513
83325 43079
5439 1503
33101 71377
26847 94313
24068 52032
64376 33131
70998 26716
10706 79620
93023 29426
92599 62195
72343 59382
77665 99362
33810 42931
60041 31368
71745 83535
28948 81409
47447 37179
86575 23286
6852 5639
20108 61576
18654 58714
65033 64107
28184 96394
7804 75424
81875 54948
96798 31070
36640 90901
24818 57444
41201 38454
42261 2894
50157 40172
18911 40930
53421 14663
26355 21970
20475 31832
60853 12304
15651 12255
76214 34796
98750 29609
71002 48349
79875 97551
10762 71677
28919 10310
92491 7599
72030 42027
44762 59839
30054 86849
89646 68205
4518 19138
90329 36779
65658 52519
72193 22682
82454 445
18545 58878
4754 98536
99383 60343
67681 80311
45007 79249
83179 64940
37387 86810
9083 15670
53091 27289
66145 52939
52185 3828
46087 42960
63937 82611
99080 65454
59859 42236
23894 41953
68067 41961
89765 50574
30036 84443
63962 49443
30732 63778
89417 25995
35999 41812
92799 59373
50448 28300
61132 86720
51206 47506
9347 71573
34664 54648
52231 91729
68320 55162
51622 32206
79842 57998
3384 51105
21447 14025
42128 41539
17251 66534
75714 19185
16460 93202
3404 8239
89550 20891
81932 94585
24587 36993
25150 45278
45255 73545
43650 45411
66830 28203
96153 6356
71223 11181
62869 50605
84579 52901
11531 48409
93056 36238
99798 36377
6105 16024
94896 54171
57076 14042
72285 20583
3258 12497
35625 62217
48796 10034
46075 58754
21499 93733
70124 13448
78065 70972
28216 46121
76555 65535
57158 86292
45843 54948
7102 10600
6358 52504
88123 78333
65195 92745
21364 43111
75012 24684
87792 81279
30850 61833
14743 40362
78017 67448
49471 3447
83095 40785
61454 20156
12635 48069
49036 47716
81132 6176
46050 40087
58975 19739
76618 23268
26906 99322
9100 4037
14987 70234
76216 46446
7326 60749
32235 63
78231 29139
99332 70657
70286 39687
40015 5671
54642 3400
40100 43653
66243 72118
81635 66459
14922 50681
13989 18260
65319 64723
9376 80073
10662 17561
8370 21297
38095 21093
28057 25712
91954 11837
66204 60660
58036 19002
67387 25069
74728 35503
10679 78383
74618 51535
97495 5611
39485 88015
2823 41863
52732 15051
31877 95299
40773 77597
83843 69619
59034 40606
19592 46163
9471 42070
76770 78706
79413 80645
54457 68915
58915 27381
39577 23159
86718 12035
22796 58952
82057 3711
40387 31315
18786 886
72521 24514
87854 95480
66246 84339
16722 21720
69516 94707
45123 69420
40669 12549
93372 94644
69598 54268
84991 90488
90658 66712
52267 77491
39212 30462
38892 5359
76361 83212
58010 59032
20611 91796
76195 75437
24588 14365
61304 83269
51160 89536
91831 8868
96372 66669
3326 40583
32368 75638
36558 93668
76875 35059
51261 49512
96679 18130
74738 90716
95989 80791
38911 83869
56302 36541
76190 43422
85793 54139
16321 95137
11823 47111
50922 12911
8854 5760
33758 3270
98601 3952
56757 96633
71964 89325
92364 49928
38299 42856
98052 25232
60979 10130
58032 75251
7184 75572
86189 23315
88263 12403
49330 13754
33374 89550
59266 54047
4983 80538
18891 76506
69697 29041
8229 19548
2874 67216
33795 54897
70966 67832
96571 31053
7188 47567
69408 28278
4726 45632
46589 92406
84924 8938
84144 20794
39649 79042
67413 6272
56468 85602
95013 70078
86241 86731
88636 77969
52814 62561
27608 49347
9620 72552
92804 52382
62660 28538
28085 11892
61072 46058
64172 62001
377 36844
76502 52967
13099 67924
35648 33652
18833 3821
64416 74157
4898 74901
92519 77319
4497 13947
63465 94920
12471 22498
45867 8319
98044 3601
93990 81733
14441 61068
28780 18285
55024 46870
93367 94594
28280 26409
76779 78543
91537 75108
97579 69104
23731 80080
72794 88354
16197 98784
47207 45360
73568 14574
11877 21652
56582 96578
56785 85848
68638 31885
91244 47042
35953 57792
15802 48294
42038 59829
93783 33028
46962 33175
26964 59701
51166 75984
22755 30538
66378 25705
22852 22264
69203 55139
65028 62920
98749 70059
70084 41881
32661 33924
34405 72608
81435 3067
95151 55989
98264 92200
31388 4147
63563 15299
62504 33293
18220 84718
60241 35627
66310 30396
89512 68695
62267 90234
40173 47563
82020 56697
85878 13643
61227 51341
2529 46577
33132 99454
62976 43419
33039 5578
91270 90004
31618 25619
74068 60917
62724 39878
58413 67009
43326 55069
84601 47452
68898 27219
97599 27755
8640 44239
1261 89815
62936 46714
47340 33294
83618 38514
54630 8530
99349 28990
20647 17117
88707 64050
68261 1826
46144 7718
16618 1944
93586 40908
78597 77620
94411 98929
89025 56471
3487 20331
15447 57755
52914 29329
71767 11371
23944 11356
42593 16945
84984 87946
92814 26303
95142 92265
47813 64090
66310 57547
92063 50404
27357 49553
75458 6457
2394 71168
62132 6701
19215 33239
22489 99477
8245 29871
1483 24029
48827 97160
46637 40584
17653 32440
11736 85578
36464 5514
88169 80254
4192 82160
5721 12502
83438 74869
6356 17221
90364 96399
68348 31771
91835 22670
72562 52621
96925 78321
76032 96951
17106 81276
89415 55676
2238 78264
4265 57956
73611 34282
2259 6706
7753 48505
85564 857
3355 38872
80736 94329
14076 59325
25525 52229
83812 41994
87425 83578
76255 17931
11339 76019
53426 66808
11068 99984
42637 63034
9209 35826
99504 91274
78371 19067
22215 22302
44080 13378
45327 84211
34044 80993
26226 49479
95844 53786
18943 83769
89971 85083
88286 64955
82067 28807
58484 95757
19566 64231
27692 15429
85568 23429
90033 89447
42532 36741
94129 54625
80645 87235
90549 14060
6372 3770
31223 85546
33852 7372
56578 78999
43085 81747
18599 24028
72190 81191
13461 71726
15100 42492
5562 91949
7650 76353
51244 77479
42657 25589
51302 77456
45537 98639
57889 64012
71270 16778
89693 61665
12742 1762
4825 42242
59785 65429
24604 92566
51594 54535
38541 82321
13037 71234
17687 33495
37498 17256
37012 1298
70787 93469
29972 53821
5033 51716
32533 74226
34092 16153
90903 56891
29516 20504
51661 68648
78504 2247
32295 98013
56699 9619
55900 25984
13894 76409
63736 55447
65524 40533
80248 58684
13586 77558
53599 1681
17362 15951
14889 31078
17247 46476
77843 90361
76962 52987
68039 63202
88011 7486
78162 29632
34454 72882
11722 82387
27057 12622
27553 6571
68552 77228
18745 5450
76532 75439
45091 66587
2091 27100
39233 34827
98041 58866
99274 17442
3616 12428
55051 6425
61426 15038
96367 1714
92247 71848
90739 39200
93633 28692
51742 30554
94965 21681
42535 48428
22747 12083
49849 15300
75657 55804
28460 56597
87113 47656
31714 17103
47651 49294
98973 72864
73387 86837
50042 2108
76778 97859
52983 84365
59046 723
44377 19373
64155 85586
68035 83116
28346 99415
40349 17925
1549 67352
76768 24990
82201 39703
1331 71335
79110 57112
8052 81842
30289 13878
68035 56677
9910 62765
34866 13869
57586 14189
94952 34368
3101 91723
71704 64680
72560 79436
51200 62199
10271 23741
6209 52586
69417 44934
28233 86285
77961 19158
79316 71117
98267 22726
8780 20122
80619 67541
19816 67486
30435 51140
57924 9856
56015 91257
32285 90043
83289 40620
99251 72773
56721 27600
38235 49721
32375 74283
87790 10628
14896 2281
64044 66185
58966 14858
81276 27663
79717 74238
58429 73064
56862 91991
83809 19044
41185 63054
17427 12770
53542 32839
961 47123
44117 16056
66111 86621
90762 8581
68417 5528
62913 34800
50507 28030
8911 80325
2879 8422
71502 63673
30981 31680
11212 56392
67606 22486
42508 11307
54327 53219
42629 43777
24745 43025
36226 36546
21670 91509
12356 71316
36619 34603
28397 48531
96588 12209
4419 99881
41428 58964
38044 54838
57967 4939
49962 6480
38635 87340
10681 69006
50778 28626
87624 53478
14274 76933
15745 11381
79784 39828
43169 36106
47932 2250
32791 96765
41716 23984
64978 475
57693 57965
25804 45536
64775 13222
99773 50876
10921 50573
39797 7627
94122 50937
68969 12934
99004 91882
20257 51235
27671 46283
61138 95479
58258 76804
48278 19385
44988 89549
21071 97316
73876 23304
42239 40446
49853 48355
21392 98852
34885 42475
45553 63549
85412 95404
37884 89845
80479 2794
99738 80926
66415 48823
89340 21349
81280 9894
45476 77612
48812 68383
42216 63932
19384 19014
35392 5296
42069 33774
7812 25512
40547 30382
26653 70738
74286 5946
46378 23110
59737 63611
29513 94436
65311 49140
29660 95494
75678 1
45648 51570
95818 98827
4454 11363
56855 42182
38255 33
880 70663
98650 9828
39548 65493
33393 70351
52955 3917
94879 2093
94092 13299
16407 310
58870 94763
70520 50979
9334 29301
12678 61275
1739 11497
15931 68707
5261 63638
67265 16557
61568 51680
86061 80504
28947 57714
38260 59362
16971 31089
59080 17774
40390 45202
76213 51643
8168 24921
42383 59953
30012 94228
86073 65302
77733 44033
76442 13512
92687 55340
74842 41934
90647 23700
55925 8569
2243 48799
25491 36976
35423 70255
48192 68184
85115 32248
31125 41060
77181 32802
28125 30555
47335 84208
66333 55824
79537 2931
84242 36597
18832 20818
9494 80599
91593 47165
15024 24358
78852 96646
49652 4509
41538 60807
24141 94237
15337 2655
73657 39413
78797 9486
89303 57964
61196 45274
23864 51500
9135 6756
81978 52847
97842 910
84769 93722
49284 79782
61939 57921
48211 22844
90874 5896
86881 87234
3668 78768
51909 8775
80440 67375
53896 52384
20480 56126
40065 48561
45211 50343
4186 4201
84872 28359
28203 41766
55291 17319
78375 35696
38046 46123
74047 73983
92979 3349
66134 58954
48049 36769
81063 7909
84238 95563
94232 64503
60278 76890
89840 78789
18655 20726
26034 48892
82920 32263
26854 99151
56758 99871
26424 71829
5246 93627
71238 55381
21409 33045
56785 65968
97024 6749
72591 39323
76545 63887
37172 76336
57009 34868
67375 30027
83413 4538
27534 88408
44726 61627
98490 668
38286 84136
85601 57767
60219 57691
15222 55690
58858 86940
38785 39234
31665 87146
71617 61635
33744 13686
61535 55408
77031 47917
3513 74871
35734 88157
77263 35578
1628 92733
92360 56968
71589 32983
3850 52635
42602 19861
32504 88793
20477 75830
15647 38971
72149 33486
98986 33277
40428 44311
39149 21368
28368 73536
99333 18772
72912 75101
43596 23113
62972 16691
10402 91382
30158 39987
55452 47056
48740 21019
53657 40015
40125 15007
1962 15067
18638 35420
81245 55181
8745 95255
81241 62440
70046 47822
31818 87282
54260 34527
78444 19480
1932 71308
69284 50858
70158 26066
75251 79697
27147 18443
79897 2481
24620 65821
78238 49819
78486 36266
5863 71287
38943 66343
27106 58671
65732 40674
24263 98220
59492 91213
95517 65189
81286 64863
35293 81240
10086 29449
17342 56310
11654 19783
18341 88489
19398 80074
89990 4637
54499 45507
11365 13445
95686 70128
55309 69144
44481 47322
79452 24392
75990 5317
49938 54011
82087 92583
53522 87303
85187 78920
10473 85162
85194 11625
86528 10697
87971 58598
26212 66966
89621 56809
99721 72459
5017 15087
33828 62114
10163 36606
13331 11601
260 74156
21725 98563
64859 91737
61479 90617
26916 4998
1753 69367
80125 40217
44220 69127
14611 60787
31479 82259
35011 96089
76961 88715
29573 69063
68129 86487
59788 99979
90737 32859
74188 31002
31730 94280
75028 69702
66726 99160
71774 55665
2669 38717
39688 13584
92537 22442
44783 39383
21338 89384
42385 99495
57284 14070
62148 35304
73937 16361
1955 99070
20096 54873
14727 23369
45809 5451
25917 40409
13990 98045
72821 21063
52867 27820
6218 1132
67281 79661
35095 77691
82764 78853
90803 45680
59983 97555
94331 30835
80058 56798
41489 39468
10 4224
13522 15665
76207 25195
60937 22469
74367 30595
66355 80682
45447 68367
3225 44076
2470 51177
99319 34142
93308 78771
23795 86817
48604 55161
27290 1212
23716 7076
11841 12405
54232 34764
77184 52649
44545 2512
76118 19708
78996 68144
61174 53634
8481 61254
53299 78898
64066 15210
20521 45645
61162 76876
58106 24434
18909 54490
54567 21313
96718 43832
35934 93942
70026 37581
53695 51373
76392 47767
53830 10396
5777 12728
61655 52445
62905 66693
37897 85097
12119 69379
54837 62534
16861 98781
84716 49354
13435 18424
55659 42828
54014 35108
64730 33756
3053 49443
70547 77284
65246 42212
22169 43708
89176 91909
44639 51604
73411 73784
21238 25160
68245 16281
14699 60911
11149 7213
75085 41278
3612 10352
81216 83597
32375 79321
24639 75106
35532 98610
48888 52691
7056 68984
35583 83197
9145 583
71839 7321
81039 76058
98175 55391
6990 8163
4280 41770
16645 45376
18577 91328
25883 17282
62732 65831
83619 64560
38431 81
11235 12507
5118 10806
1527 81258
7898 33526
66453 86105
47629 25967
50467 6156
34391 94156
16930 16641
96038 8693
65540 34070
50305 45593
85364 34259
44630 50836
46240 60227
17830 36004
69572 69962
18234 27640
32034 64269
17639 33250
34863 94597
83509 61557
32500 4225
84356 52521
37356 14004
15828 21826
86641 54939
70141 39042
29084 21046
39223 83278
85457 6357
45735 63636
1536 141
19510 81876
56570 44768
7499 67392
45252 62945
28933 53632
52174 64391
4909 3712
73412 35847
13071 80408
84168 42815
10533 16602
94720 70702
27280 34187
10684 86942
53519 31620
73041 6198
97776 75436
50780 5574
90307 72257
42246 28559
55389 58110
77599 87314
41601 59006
8756 59002
47510 70168
1576 46763
62761 30164
61423 66585
7428 33809
95645 2252
78243 93927
8450 85117
62862 33677
59617 94237
37621 12985
36578 17557
70838 81445
60587 43315
95145 21828
31344 31967
17078 34095
78426 43825
37558 58623
36911 93886
26041 77199
836 60141
99073 8421
13717 85447
39065 41232
76247 30616
79185 85116
87877 41108
26309 94869
87728 84669
24791 50171
55567 4256
13313 30755
25033 97355
20328 72668
46436 23141
76213 80471
83913 14117
16159 54261
93038 33679
70960 47912
26474 98283
93338 56519
52850 3859
57256 65009
94722 69232
87791 72199
89968 85688
45751 30257
98320 38879
68023 23724
79527 13051
98685 15013
96947 3946
9286 53143
71211 80208
94900 69284
64205 56458
95167 59604
87346 16828
22346 65740
20712 90936
47612 41597
56332 25679
64751 98749
95615 65055
32583 65706
76983 89201
2236 6821
91248 96176
23075 8189
77259 42505
46710 53517
28067 48713
437 91053
82702 23889
3643 39111
52959 89994
80379 43531
95151 64073
31175 85702
94005 55669
45005 8371
34143 84631
69609 17044
54667 74676
93384 58620
41741 80405
26899 52426
43356 49637
38980 14329
83159 32827
92662 64048
6177 37335
31228 37706
46320 52737
51211 45679
83765 58537
52737 64340
99561 81287
50056 83424
42366 72935
97222 97556
4155 50597
64812 71747
94249 43796
13570 24656
31049 43876
50999 61478
53847 92093
33164 55563
54536 81537
33302 40301
17453 20287
97753 1779
20571 29153
1080 67441
87527 83730
96523 14813
62027 31811
1334 8169
95147 42547
65708 36448
64654 88698
87275 38134
82911 98766
29040 30686
85374 57229
8157 52320
52700 40655
98254 49042
89640 85905
63505 17985
7075 36392
70983 49115
46748 34336
12282 57304
77605 61175
62147 64274
15336 75154
21567 89669
88748 511
23592 46506
47971 71454
21310 81117
7961 38646
62959 91000
45322 42417
97184 27455
7128 98446
57806 50735
54082 43710
2432 69664
81820 22446
63727 95634
45828 71463
10152 91599
53419 28881
11070 713
33255 95007
67578 8988
84874 29595
10823 31931
2106 20937
41291 40892
49727 27376
48048 48196
31272 91717
22887 80393
22374 81866
75454 52114
41666 92966
12471 4166
10567 52519
68701 35014
46188 52463
75321 42813
26645 45560
8043 2420
45558 23547
27979 46707
27333 75937
26894 69127
39882 28747
11126 23892
91002 60633
61791 64505
15705 69092
86800 1305
19685 36660
30698 57772
30322 68459
74844 45005
16839 73081
5163 20907
13465 14965
32128 68475
54339 44851
37766 30951
90149 10171
57882 36514
55643 55614
69017 42919
44965 3003
65810 58074
6781 85524
93009 34573
59893 37428
33372 51279
36341 10263
22517 84505
96313 49819
26440 37198
92835 7583
473 93613
26878 46804
40441 56783
39035 11907
62058 88028
66498 89682
27849 6700
13359 53608
16526 31247
43652 46341
14193 89677
54990 26131
67576 33582
9505 42809
7646 81357
10731 61330
59819 75089
36607 20459
64485 69355
7031 88496
16828 2602
40732 29658
68335 2016
55399 45396
69808 41954
54456 72317
59098 74891
57892 52872
45563 67957
21759 18461
54402 29030
7383 56221
88752 64859
924 72678
37940 22899
47988 92682
59267 13753
18362 41952
21609 58744
15040 41767
69544 79489
22949 17004
68993 99228
99000 94240
61947 89979
90586 52140
44020 56848
19309 82176
8131 82961
81588 63445
93816 35536
68773 32938
72045 10930
91509 20125
18987 26048
98346 55060
9744 91985
53574 58641
41480 3925
99033 95147
82890 75596
45040 89
7793 77809
68376 30130
71620 39301
37237 17155
45748 74823
4902 80892
51264 96886
58651 1975
24716 48883
64227 34078
18139 36887
84506 77268
16256 99883
93432 4960
80711 30125
55575 27524
94764 21673
43582 61816
96816 20073
11742 57650
48201 97782
97889 63036
24034 77465
26815 96913
43642 77794
10769 89608
39165 18
40749 30328
41558 15770
39543 92772
99353 88897
66579 268
30755 36791
99683 94344
23807 79784
13157 56156
86317 33740
51837 1295
13899 2487
58109 64
43071 40825
99612 15041
66857 58394
96746 83869
57839 59802
61091 20902
76828 47301
7725 95267
30099 34523
79476 1579
20671 53186
99019 76143
45176 70492
46455 19641
10944 55091
4688 3685
19208 5508
19888 87671
96262 57613
76539 2909
49994 67711
86480 32361
93004 91737
70363 87338
84549 10897
43151 97099
49245 90547
72962 46506
37586 10313
92682 91965
16930 63602
93317 74688
45114 14004
61872 46964
1666 5295
8200 15207
26117 35753
27123 78090
4508 63446
50861 91391
41979 89097
45667 87379
49850 479
8368 25798
86993 41049
77898 49807
17536 36548
28317 56541
70436 78114
48279 78642
41466 41548
50632 39191
60451 49950
97954 95472
58865 40786
51074 80114
66458 97627
98362 99521
1035 3408
27586 68228
57803 35621
59422 90611
11799 25279
29015 45220
15693 36955
87010 12938
23937 49224
46669 46661
63379 93535
63024 19398
29050 42772
95222 84341
31857 35377
37162 1705
15031 49802
75798 7127
74075 38727
77144 80220
7888 71074
67215 28780
74349 70928
61009 23375
24946 7850
14033 22432
23177 79939
21439 85934
89387 68960
66494 29909
28285 95622
52232 17802
6002 94328
28124 9001
92767 66992
46006 80808
83572 99822
80694 7164
47127 63811
97008 54912
89299 56058
93617 38523
33443 39219
7173 88329
15821 8872
14751 22121
83082 90270
58720 68408
48758 5933
85712 6964
13577 79060
31416 22082
97278 76049
56449 30173
15971 20042
9653 27992
13068 58835
54133 16828
27757 91831
24261 28663
55906 15453
199 79356
13728 9353
43137 46478
15050 3757
21274 34566
78911 90431
63999 30265
29911 72022
68655 68830
382 47444
45139 28430
87887 92914
90547 21836
28752 19187
35153 89308
51583 3096
88401 21314
26408 23303
38508 35077
49264 75859
63528 85373
28312 24918
13733 44275
87761 45715
91780 98539
81157 22254
6229 62797
29368 70714
9096 708
59134 69166
89658 53532
53456 73793
38078 53602
64312 48429
99789 95562
93173 68754
84347 84305
90883 16490
71042 2530
65573 56870
85646 45195
7960 99921
46167 76516
82421 32012
73261 19180
73200 43176
70758 4694
73416 3179
3260 22307
10702 97797
34339 7701
81099 72348
3994 97849
34649 40975
65949 47059
59553 24556
878 49406
11866 50519
54010 15717
98944 75481
44112 23888
93262 63297
71040 41385
24692 55850
2718 30964
8055 78321
27688 14955
34550 92740
81439 47509
24772 31232
86126 33234
59205 2367
21369 32819
54707 11376
13861 35029
69393 31170
26504 33678
41945 51199
98852 43746
25401 98803
58936 12133
4051 25052
55930 60258
43818 51079
65605 26697
14048 34271
92448 4280
74642 92918
83303 2547
28045 83190
13221 93307
23478 38987
6534 92435
53687 22680
21458 62003
69911 73681
41840 88449
72624 50451
61381 24872
88033 67171
14368 55779
83421 40165
73964 72699
17681 32082
15756 74855
91728 87505
41040 39472
17729 72486
61525 75127
11089 48796
64788 42447
57693 95408
87126 40256
33516 27645
98001 32975
62468 20820
80991 64510
95073 75101
25236 20725
68008 58776
63715 55696
50729 60511
81230 85742
86105 10289
75540 74133
5060 44205
60776 62189
4217 30931
77737 99417
1012 67096
65357 56226
82240 27253
61212 99665
54439 5177
1773 46311
66874 18748
46882 55748
55766 70800
7677 44549
76136 89450
7933 1541
11807 86574
99303 10566
81626 45208
92374 94909
19574 39014
99784 81600
68353 48854
59891 92364
50369 77634
4186 4647
30091 71584
93363 52916
43182 77293
30366 18681
41194 33838
27178 82174
76902 42845
71655 98540
42012 12731
96493 68741
48502 53117
8780 16573
78688 16524
57348 10426
7882 87284
32910 87093
60828 60652
40023 64911
42029 2132
61982 27104
36388 57954
18144 21289
87745 29923
69572 51686
33536 64265
51578 23581
32600 25327
63303 80139
378 19053
15721 152
52955 2318
26757 49783
4839 11812
24544 73788
91437 94585
9868 97064
86541 23006
25884 89068
31894 16881
45698 78647
90598 3152
22861 58547
38252 64726
99129 9358
9042 13965
46741 45594
93159 5155
87210 19738
93830 67178
23680 31356
80496 14101
72226 54399
65991 77846
13287 55972
61861 2404
41088 58645
83802 47210
73132 38492
35939 84401
76973 7045
71125 96876
64513 89323
11918 69812
68579 42942
79906 43623
36925 30460
26925 27713
48702 94838
61127 4809
32246 8486
51455 20462
85775 32287
39127 89167
17307 98496
50128 93809
42590 22184
82733 99770
84127 24059
79599 12209
69418 22110
97014 11318
67888 8615
42980 31504
58351 83695
50597 54736
1902 9403
81401 29467
75061 98590
20912 87421
50809 80506
78876 82980
9084 83540
19111 32951
17144 80668
59305 44948
21971 83890
34186 60859
84958 61320
6413 5679
47144 32288
67427 7490
67195 97140
83048 18806
12569 38924
38444 13312
34361 33237
59188 66937
30567 49921
44108 42058
86902 16354
39137 49365
19675 11538
25787 51879
49562 20312
72036 35529
81157 48565
30177 12690
15263 55512
17368 28438
2246 64860
935 76987
53236 95022
10345 11711
42799 86869
91734 15438
38279 83678
41660 12152
48742 3828
24186 16895
81683 53100
91486 49534
80880 75687
23954 42677
10784 37115
35138 73257
98304 1342
96842 77944
38413 46051
81598 4702
44954 49491
33841 77221
94943 21028
35746 9987
48506 51062
45983 54806
63569 81002
49996 33118
18877 11353
17606 59433
27645 58635
1228 76060
38740 96379
34451 83089
25422 16320
99407 3693
90587 29245
4226 87410
49500 26238
62040 83286
97458 3903
56695 99052
64350 55991
12061 87348
61535 5143
3202 11610
87895 57469
55912 60952
38710 67930
29069 24050
3804 53333
71094 96381
1030 35046
88629 68102
79852 21876
62392 76604
9814 90742
52637 36816
97953 4473
38551 75260
81968 24634
62467 74713
44567 36380
17508 989
61124 80040
80917 45969
1595 71375
77729 80517
80631 65691
63278 98729
73612 31424
1222 48572
42398 95935
66370 64462
7780 12330
48586 71938
3245 22092
69144 12856
61930 28891
64335 98365
36981 89512
74865 86124
28355 87135
81609 59018
9679 39048
66771 56808
40025 98252
25112 78579
18181 93784
57870 81115
593 96295
91324 28946
39663 66683
4762 94192
62853 3285
4565 36144
49554 56248
79837 47303
5593 51668
44218 70456
45495 32963
66717 15979
19841 51999
44270 57608
27210 59242
22841 55890
39187 51395
36746 80852
92836 20582
24510 56069
59330 42648
19083 4202
47305 62681
96570 59165
82452 8469
88448 49180
61104 54174
60163 62478
95306 36525
26564 25722
22511 58760
19585 26344
67569 47986
18326 85860
24705 82114
4399 93736
23859 166
15862 44671
93538 10478
52447 16238
77923 68298
72741 10041
97843 31720
98940 21003
27691 60999
27757 6967
54805 23606
40265 23930
91024 42736
74715 80650
37252 21827
29714 1383
52454 72676
8132 53857
93768 4857
17760 8248
9191 57995
80707 66830
22428 53634
8913 25398
42680 23979
22784 87711
96585 15391
21758 94412
54048 42632
21956 90410
40792 70484
6101 87794
71136 32734
85980 45188
20931 38130
52570 92105
52372 89051
53681 59971
9196 30149
23195 1162
21073 10754
84539 74350
96762 43633
66480 47278
21611 68311
49263 30792
31820 2862
29468 54284
98542 23791
79837 38483
6823 23059
98188 27969
37493 56668
95985 44536
32593 39232
46809 37618
28398 41811
22571 71128
98022 43169
67168 35701
52288 63717
86707 46555
88213 83830
49953 34507
25284 48915
35167 85508
27629 2786
82065 65714
97020 67970
33931 54746
47406 16660
65352 18236
85717 71273
27087 19412
36163 36693
38758 92635
49048 48016
75863 2264
39851 17396
62878 41049
40797 79604
28785 69563
83243 91243
11972 26700
89920 41798
32499 18665
7081 20085
33833 38773
27716 31501
97840 40464
3018 34349
12626 98111
90042 15671
21030 30843
29960 87149
60493 90927
54422 31497
59935 32799
68839 619
48066 70275
2163 79874
96014 22669
7436 41762
73226 29830
86985 51049
99581 83202
66019 4241
46843 19224
92953 4140
18777 80663
55068 84013
1509 24450
43355 88900
24719 5054
14153 66206
55832 43945
91369 54135
97316 84508
96340 58358
51140 24586
67595 52749
17855 70996
18924 11221
3896 96542
17900 6011
37793 61143
48898 22698
49615 9678
91589 67162
60132 4429
94326 31310
52090 37549
34212 25139
66922 90250
68899 19785
32703 26361
99150 83380
72858 96615
93528 49933
13530 61585
41035 4987
48084 71049
88992 150
75784 26056
83749 69167
61406 2423
14845 79087
86805 32420
83806 17440
32338 77907
14248 72508
11751 19090
51616 79899
98 14296
98187 61024
191 51539
64830 44105
17310 65699
66715 48824
24052 19414
12991 55847
41827 79975
38548 32424
16343 12308
43688 37845
70950 45454
21465 7058
64211 39718
38737 68297
34614 24009
86909 51059
331 74212
59181 57281
31362 41613
75816 55120
69909 25433
15746 23322
48010 83709
76471 20211
36947 71772
13145 5755
773 28194
57184 14915
33248 27703
30170 98032
73628 87076
59895 90030
32965 14741
3754 80229
95705 99136
30144 607
32480 82638
31114 18135
9262 34357
72184 14718
32990 66681
78286 37687
24212 56364
56266 6879
21758 15050
26907 33758
98140 21311
73062 69975
118 61390
12040 47369
20472 1421
49788 90923
17271 30952
63222 69913
15493 17315
29619 37709
23566 3115
35588 9435
11994 19659
37282 74931
7129 99440
58787 54376
47762 38332
6004 31852
39209 60016
7737 57858
17172 6300
87765 8426
6132 18952
79970 64511
91722 28103
93504 2006
12790 34972
84507 74123
33646 31855
83954 77147
4445 81292
69809 16603
58095 74100
32296 53382
29098 6593
54305 20125
44139 75491
53820 98880
63821 53717
90260 31326
66091 33919
6702 56148
75644 50706
99301 90473
25124 25817
52406 48486
48249 97349
87801 47048
35976 67587
68949 33286
74931 47809
91890 45163
74056 17205
81590 75263
21165 17540
37397 99427
59712 86427
16880 73165
24574 44840
33210 627
5587 95981
92154 72410
28464 23840
5112 82877
32521 98179
81230 57386
17599 20071
28297 89940
33542 71401
81747 50911
54396 39836
95213 85470
79394 96497
51334 79791
17347 27980
48085 212
12233 98859
91781 42448
82243 65410
23396 34445
74144 9011
41111 53404
67883 82912
96172 24262
75899 13287
27974 99751
7735 87458
68187 27440
22096 28281
46059 10008
22991 67150
33456 15491
32792 8701
8273 30467
49506 34656
15213 12742
33543 84181
70850 84971
36874 63902
74144 99594
54485 54777
11396 66001
42526 38296
62900 90359
5164 25445
41627 38725
38356 89579
93775 32092
77064 19391
65182 13434
49965 45798
38501 58746
74573 95142
65150 54675
37058 71441
50029 84224
66113 17062
86012 67863
55514 2338
17484 45025
49855 27671
88995 97948
98366 29782
65970 11957
89145 40610
53372 35864
14926 30270
58066 38821
54666 84055
30703 85098
40551 80076
71904 27833
72333 51063
98740 27734
44337 26266
23050 39355
41907 99810
89187 65912
79789 47804
11113 14561
58402 44333
24843 95540
13990 14072
85505 9230
86178 88715
98843 59445
24304 13516
54696 65031
83034 27685
19481 92094
5599 49117
16962 69943
98371 54771
45794 61493
17338 19688
98146 19435
62215 93586
82103 52741
52153 68643
44520 96792
60336 86744
12924 54341
51940 1558
79728 79042
11297 27708
49391 70460
14531 45841
15228 46934
91883 79978
38045 3514
21424 304
90592 2201
33297 28874
20070 96684
79143 48402
48254 52060
38445 43548
21997 37708
20432 32908
27848 84266
71417 98000
19630 68504
35264 61345
3810 39951
33513 27033
8148 38568
50765 82745
48563 15877
52586 6600
47428 77285
65904 5327
59643 65338
94014 44563
70489 61981
73190 61483
83505 37870
1407 2977
79438 84257
86350 20474
62335 47597
4458 24746
84015 22022
74729 61415
93185 5351
50895 71327
5791 65838
87404 35701
31830 6222
32311 59917
48634 1028
14850 59191
48025 71268
60903 97249
34398 29851
29532 80434
74655 86654
46984 27483
4781 12789
59094 30571
87161 84538
96165 40664
85879 63668
36209 82323
60877 46244
26551 80241
87195 62188
60220 18514
53319 63241
82169 78236
42816 76192
84652 47391
40503 60047
1066 75561
14148 66712
86170 49541
88446 90057
29475 5294
2554 72832
48010 99201
84866 87773
84074 32408
59719 63394
77308 2319
6860 97365
42372 13409
51040 18428
67 26737
74155 31623
68457 41914
3302 63986
45554 35806
71608 24008
65535 23620
32132 71472
70259 46973
53906 26910
78108 20177
19088 8676
63881 37572
12769 53724
40724 74600
53600 42547
43520 73864
89842 15847
29614 15624
67204 33291
63702 90201
33253 93843
63177 21318
6283 43582
91112 54886
46714 26327
2326 63621
69626 23100
78828 25122
85959 84427
7485 43044
75864 79637
78289 96399
64365 26735
68007 59662
42191 59663
57251 3578
76653 7227
81798 32848
12175 6561
22731 46448
27998 99257
41418 82999
6477 69423
37945 15454
22168 57641
65529 89764
38603 73320
54577 11262
44672 73970
69800 86283
16229 10430
62688 42228
64831 46413
25782 20546
90058 45017
80142 26625
68800 50180
73851 29332
71093 5080
43171 86309
42156 76822
52769 57945
61174 66798
27130 30229
26186 63389
31301 87236
5408 22910
44738 4338
42089 18601
31769 73996
3836 5464
44614 27748
50830 56721
78413 10799
19118 13341
89827 62694
22129 8671
28655 28527
16612 17618
40214 96369
65742 19252
71893 5152
3395 38123
23740 41349
501 34456
28861 70817
95683 37131
44511 68725
94880 43992
39602 78062
34687 33283
9833 44040
61425 87297
57883 92022
43945 39326
24769 19326
11072 75794
90908 60460
88109 45673
81977 59210
13136 8664
31704 15267
77364 66199
60490 29862
39048 10169
22968 65415
46097 39199
90115 35555
29214 70269
33019 10866
55100 64011
31205 73312
60083 77837
63621 32298
63405 43898
18871 88565
33443 79137
98890 18912
1483 79330
24503 71384
3122 94109
18450 51864
21203 43882
73133 12128
81561 82584
63685 13462
57348 68111
38106 61950
34736 91348
12449 70841
60167 22648
27091 20892
25071 75120
5507 49489
38835 27119
3497 9843
31874 32960
56218 87613
39346 3363
32877 77801
264 31448
58196 97648
283 54788
28476 18234
15367 94076
21845 1690
55033 58247
22420 70945
30264 50038
74576 27771
54156 68602
2400 97700
25135 54579
13766 9527
7950 3614
57575 63112
64873 35063
48855 10972
23084 9953
25538 99941
15788 80828
49788 47057
95178 10680
95139 72603
54751 83759
85369 21920
85293 52479
71173 13996
9606 41601
96978 61562
65728 6892
32457 89897
43489 54108
71547 36861
53494 60037
79497 27375
20455 32642
90032 97256
27822 13456
66196 41174
66520 94076
44026 28554
58169 55457
51364 38080
59968 54688
23291 36735
90282 35460
20004 95482
61096 95229
54548 18021
44921 75451
87767 77173
62241 95435
12292 17443
30377 69239
52575 5669
90885 90606
95822 87539
80875 4473
83665 37938
49011 71129
25657 64258
81119 66751
5784 70501
98204 17311
21800 63757
95992 78788
37803 38818
9275 866
2852 37885
70476 75006
88964 98821
13167 42839
56448 8330
79698 48143
83570 52159
63407 91552
63874 15890
93288 33077
78067 96336
80015 93900
63061 52059
18728 82366
20908 22663
18066 91731
18885 51653
33866 14035
3744 61146
77496 10234
13975 38330
11625 17417
96073 93384
18379 52933
79452 98451
95360 78235
27910 79213
99535 43428
30989 97618
18901 38155
46857 38752
74091 1440
89538 87185
89387 52202
37852 84360
16761 82721
90286 13502
94934 11591
29555 76135
55805 25401
25053 97776
61332 27024
31679 19577
7819 80536
34529 43887
45083 50454
84776 16732
12964 25442
11715 64017
5362 17377
49686 81508
49134 59038
36471 86612
81584 59265
90305 80745
63431 71306
16982 96907
79782 49414
37128 57730
70577 5187
71560 10420
43174 24113
72753 81426
26706 88939
35599 54454
71796 555
71806 25654
21847 68713
7575 52356
20417 43409
1100 55688
91929 23062
77311 64716
25090 56647
4881 51725
24119 85463
23224 86821
60136 74741
55799 98196
24647 77062
4224 97610
83008 24878
35594 75153
2506 67354
31463 28833
84599 39596
63785 80588
47013 27341
2699 10547
70841 76817
63469 24655
50883 80359
69898 99237
20696 9536
57744 57359
72545 76731
20176 27347
55426 84310
35407 13992
88737 82150
54980 13836
52702 42359
31064 46114
20824 30938
32020 74620
78145 75706
61234 16654
3976 45000
24060 78920
62138 74606
22246 85747
19324 26033
77749 74291
98223 31186
88116 36432
70541 22964
66870 10676
32019 30220
16248 80340
15728 55914
61703 90223
25071 65485
23463 9478
60626 2234
76917 10223
51114 58923
14989 9447
73664 47425
50479 72256
7178 98015
77256 50572
66060 63968
43185 53956
353 39966
56057 21119
5841 99514
40578 68833
18176 59087
99103 65457
20909 19310
79350 60616
35116 32753
53491 82133
60780 30447
17744 31979
58184 13483
76294 61695
57871 48221
68007 77671
22722 32661
61393 43616
12529 46470
89159 9011
81970 17432
44312 19378
43002 76296
46862 95848
61908 25178
55099 42446
71894 72430
78120 80048
57176 52046
58500 71649
66977 71999
73987 56206
69043 46521
17628 38572
96810 27267
90289 19645
75483 62901
79442 64363
37982 19300
37696 22234
82171 81825
67259 53814
45168 15568
61409 4126
47916 6724
64670 74603
32684 39074
60397 27089
47017 61714
5586 42258
35299 83270
34684 62234
48400 30004
34465 12979
4964 69715
20074 32655
16593 89549
6607 40112
19930 65410
99000 78926
65709 99732
86682 86
80384 89140
50474 71284
92970 33237
74154 99566
98379 85302
20195 3992
56569 43571
30302 7151
22683 56700
37800 376
6 89619
80859 56598
27804 9453
60410 4738
88422 43582
84745 45238
99818 12425
59464 73220
32552 62165
28617 75833
38574 61760
88419 68472
3556 77302
38754 98764
82612 35024
34575 10750
54732 20657
38647 34717
26782 77690
75410 17797
99605 45502
13403 24180
7430 56108
26420 68060
35552 83290
18425 83263
56641 37497
2410 23485
73229 60568
12446 44498
41083 29683
89177 59098
4757 4929
73618 36739
1772 57191
86156 27629
92173 82330
8295 67012
57841 73397
74316 92244
70763 4869
94324 54153
37460 34848
89024 72816
63391 69026
47143 92438
18714 98283
42556 9479
99943 452
46567 28725
63913 71036
73168 32818
41841 78401
65051 7205
91805 57341
21363 51495
42320 34283
20392 12848
21559 95400
53622 99772
51165 5876
43110 39293
61383 37268
93745 35265
32994 73035
22182 98694
13128 62486
56119 14252
39370 24328
4202 29422
67641 65246
50744 40538
28371 47285
79977 27365
55102 64715
3669 47213
95416 82370
29366 94936
51629 73281
65651 58567
88128 94983
66130 75093
51469 42009
63948 14951
31264 68019
74437 875
35908 36851
52977 72433
80116 38269
69387 55144
59817 23048
656 40609
96104 67954
88239 77085
29089 66155
75736 82098
72897 48634
75423 2800
89303 57490
12101 30820
81883 69344
66682 34768
56431 50990
91636 40590
6080 760
48341 24594
22802 57066
86148 14380
51277 97042
10799 32501
33061 4375
72811 33449
76165 57820
26640 37892
36481 60273
40414 95872
72250 42037
28585 6769
30011 23830
18841 9067
96063 83385
32073 16755
57742 80839
16207 17451
5625 80094
52228 46778
57566 41027
60662 34272
61201 2058
32397 74269
88891 25590
19140 18421
87112 53142
30744 98685
98036 4254
38455 70494
85723 83678
23531 60418
78136 77109
62022 95043
37432 13949
90347 18823
87441 72536
4106 31597
70136 13493
34083 6434
76940 45147
74499 3083
43555 96090
35703 73243
86123 25490
48765 3316
36499 85595
48129 90725
60196 67158
99257 4936
86779 1386
26998 20000
64412 68230
420 31339
15137 23797
42796 1836
20388 44515
91408 51544
36224 71776
89346 90794
46431 15745
38069 33996
30024 62438
63936 67630
885 55182
82943 29328
37921 62444
43063 99207
38002 97514
85196 99258
3876 27052
16403 40820
22037 63885
62395 84686
85990 66450
68530 52042
98415 90202
34875 55389
13117 39190
39208 11780
91908 12019
92394 26148
53783 84508
32604 96024
91068 86568
98740 66553
33201 87247
53932 97911
48542 97315
20983 88348
64264 55755
36747 72659
62923 32640
65683 29779
94868 3649
63107 90228
91758 34227
30045 18988
31328 70762
98051 62875
57702 7738
75876 76499
82983 27547
52697 79059
83014 27344
57487 11212
77213 69289
48978 1815
69742 10809
62660 43103
8563 2295
85274 62479
17662 29611
91638 4677
23502 16920
38592 91524
35948 60286
73894 75045
57620 56149
110 29259
68705 80601
60089 17986
96226 74165
64265 43388
58470 73281
30745 56290
51860 8490
94207 74882
43899 78832
78092 76707
89886 10082
18845 59279
92149 94036
27153 74456
26741 25600
39249 34682
16381 41050
23912 33829
4590 99181
19898 71515
43815 77741
42813 55899
10905 54869
65261 16279
74750 98409
28146 80280
24117 16175
43008 5422
59789 59019
39637 8774
36295 85448
83871 52769
21676 29980
89463 63878
13471 14370
50579 68830
54970 22932
31233 72308
51397 83113
38503 95033
8202 85608
76360 73396
81718 12084
14725 59598
71684 95239
9388 72813
60211 87637
81951 61318
18423 95296
12067 67263
79564 52695
12601 21074
1676 91117
69183 77504
19248 49369
89262 63028
87364 6973
8169 19167
29678 86667
65918 43449
6154 86827
99227 31783
54672 85783
86693 65328
35488 93565
61501 8975
14891 28686
77495 27387
29400 97025
55810 3147
54744 54582
99905 35417
36535 29739
71802 61528
69936 18311
62172 53588
9667 24426
75863 43934
4919 97684
48712 27118
13771 9504
44973 28887
51544 32539
8470 93188
80720 56912
98431 20973
14892 21112
3554 25087
62741 78295
13553 61149
90080 28854
26831 71268
87621 45960
35355 25604
47848 33572
43986 88093
31444 93998
8743 37251
37185 1072
82544 2606
40110 5077
737 91443
95547 76461
21961 11210
23303 20027
61560 75566
70280 74324
14071 23785
5183 14603
10668 48038
27919 5630
90501 70854
54226 32856
5592 70905
86830 96709
42048 38714
8659 74160
76257 74656
70165 13172
1136 98568
65772 57865
19579 30340
96325 23858
58156 89368
10977 36036
34778 48407
42130 42150
21550 49768
94428 5607
4331 50290
50611 84386
94151 17458
98389 43936
69940 63265
70744 68079
78478 74069
14394 93669
26256 27174
8119 32850
44793 95830
73201 76680
7572 72851
20158 66402
13642 94281
64143 94018
68358 37736
24946 22481
26625 88133
11570 21904
97027 36693
85923 5160
61320 64533
19003 3740
71569 47568
88235 7869
16803 84159
99246 91318
94864 8537
60790 40314
37109 54311
1863 81091
93173 83164
82737 53921
78850 85935
15767 85111
97452 74770
79499 82101
85593 11748
74451 71202
20983 75100
87141 58118
27816 84339
50336 19212
66960 30448
47328 92200
63292 99091
87982 14320
55831 64079
37700 1420
6069 44633
47954 38776
81613 9669
41406 94711
30764 52873
12223 37412
39047 81082
43043 14938
94432 64711
37359 37646
34636 98710
87938 60962
59670 11719
27722 42836
5265 7995
10015 2862
98237 27540
33053 3490
41496 84274
11047 1766
49034 49779
18761 87520
92820 31596
9299 54219
15859 95747
49005 93253
90625 1353
35281 37273
35889 53090
76623 51401
87078 1576
93287 12619
45489 73431
70143 92503
22369 15997
59486 72075
30876 28612
85183 94622
5444 3314
99019 15005
83680 42926
51490 69499
11332 77769
33950 58551
41135 6333
49144 74065
45538 4632
51793 16814
1121 26392
7297 33866
27951 17295
64062 28823
32349 82827
77885 99561
76400 89950
6173 20662
73398 90698
96542 63787
61701 90758
67206 67531
80045 47781
10247 73347
77082 66510
45505 2302
81621 94286
93789 47398
7553 32776
90417 90608
8144 9742
59855 21513
39168 74987
66931 84169
27818 20984
90717 37445
52691 90382
84804 4591
42296 28531
25241 76730
39269 10068
97048 5854
1565 67232
72776 16172
36245 90127
48241 79463
94971 21362
95137 31429
95867 28818
84252 22992
46555 60763
54353 75199
69605 10400
93338 73782
34673 30641
66080 81731
84563 33273
77582 84911
90837 15796
34201 45013
72334 74646
59897 79152
9637 92822
81748 44102
33672 47120
63593 2241
77182 61966
72873 58682
90907 19590
86766 18888
47499 42038
53303 42832
51645 62265
72858 41986
12001 69434
62010 9162
85373 31185
12914 22914
40399 71271
27273 35902
41954 7615
24025 58918
92393 29073
92177 98226
21786 19702
41026 54631
82781 59782
37359 22639
32382 58009
62127 81975
95737 65991
50534 41605
12197 62492
51059 39675
13040 58037
30856 75605
85316 3469
34532 14230
33423 22458
96478 14801
38044 29483
82513 67071
15517 37515
31274 3652
56858 69547
35712 32870
37568 18381
47112 65928
62896 35143
8667 47060
9820 26632
19732 98123
6420 40987
51603 32402
72637 30135
57068 45204
33501 25868
84371 39434
70494 67912
96805 52037
58865 38845
38860 97855
33310 12479
6929 43787
2013 27455
87796 56323
69849 833
47118 27927
22894 59461
54829 12019
86844 87606
25339 54496
54086 61285
19738 80080
36349 86864
50512 65519
2844 8635
30747 70902
38016 35133
14237 12365
15490 22122
11201 96243
10051 90005
65495 44251
49326 77504
79220 34934
57983 31652
18867 15657
92422 59709
3360 13537
19683 76569
78798 3377
82648 53773
90938 1145
34629 55119
40897 41619
45433 26954
78729 3259
66483 32630
61193 87892
3131 40048
4610 97223
23585 75535
92653 49412
4305 84519
34280 69185
25626 56725
81882 18070
83385 59485
39003 65612
2695 71649
86279 49
5377 85256
20852 34584
2890 52853
7171 49949
47875 63587
5683 7321
98980 63705
19386 64653
73990 12664
66765 29378
79418 52543
8213 79690
99844 33641
35051 42183
93489 45396
95865 73683
96377 8776
46257 60187
68597 58929
57608 17233
81595 34650
67483 71565
92930 1408
91148 108
68942 36951
68725 5654
78922 68054
86288 8994
80756 61741
16880 62044
44796 41990
75909 2046
76042 64553
61071 91839
19659 75604
95990 98724
87878 11385
17603 19392
31617 93795
82106 44695
83467 8841
88792 55072
73326 2207
16838 3885
7856 60271
46180 13019
39752 79541
51775 86579
35943 35373
29671 69996
16664 59245
98682 55298
55298 8834
18981 23103
2478 8204
107 87919
22486 5482
76108 90459
84677 95121
98579 51492
74288 24054
4123 82716
46393 8828
97653 38618
93733 84620
68087 79546
10014 92798
90264 42877
91898 80745
26347 35639
16600 86248
6209 10119
47062 36869
14019 49575
35418 86219
66697 57270
45931 6445
30343 33457
98848 31711
93551 32699
93942 8187
59382 26556
10667 15650
18053 99752
37920 49443
58441 26391
3734 18198
96468 61855
31803 28472
8987 47752
2720 16499
27135 89438
97391 65764
45781 18177
44106 83374
96934 24222
6173 15706
16693 69386
20793 40686
42547 88543
68133 12497
71541 9669
42635 18028
11132 9647
2751 74552
92951 54319
82884 63696
1836 65515
10928 18801
55119 8157
49487 50306
2076 81886
79506 71516
84503 27346
38191 20016
48762 87377
34002 12110
56670 71810
54684 33570
97768 77782
67155 54678
55891 86429
41656 5815
4155 79720
87504 21861
9488 8920
49326 1875
37101 19434
24663 99932
43382 84452
67856 76417
93547 22244
37253 80768
83057 27281
44638 63858
57014 20975
75146 54565
93140 3072
98738 26240
33419 69655
77636 51366
38987 55034
74757 60707
22795 38483
45897 92509
72619 12518
3693 65533
12067 79274
70886 81596
24811 99655
31043 90311
88857 55826
60385 69381
52454 16089
11615 45345
52051 98055
56494 96135
29903 73690
61837 73613
40632 96326
94717 80490
39670 10577
79242 36988
37482 4241
3230 45694
26623 22548
73095 22411
11844 60737
18950 92848
54676 22592
77419 84662
89508 27752
10436 71178
80378 58051
95811 39615
21146 23732
89661 54206
94344 44656
84659 55145
8537 12524
17068 44116
33209 92220
57715 5051
34987 47601
98720 34970
55682 32101
28020 84816
740 24735
93069 70939
54162 73376
1253 86207
52786 16405
49773 17360
40028 9318
26320 71038
60872 46865
70354 22146
66069 10295
62110 81714
28331 47101
63074 89981
86789 65295
49347 69739
7033 87508
61643 88979
79600 33500
23688 33089
87745 63830
33849 57101
24108 48164
20751 15583
19394 20839
62223 62145
37793 77250
93249 19244
12286 99404
56585 43421
18320 87585
63037 44051
36841 51597
54710 42337
49761 24548
69821 18257
26816 40784
59774 65103
65382 4555
36454 38377
39582 18756
52753 47802
8359 35684
277 148
48546 41587
87225 18499
23379 95301
87896 7361
26862 68032
6742 64581
5396 58312
79413 19047
88910 72175
54631 64457
44301 85736
19061 80457
2481 20025
66552 1901
19864 45282
25326 18633
74326 93328
16847 28230
10334 80926
54925 76857
37192 47896
11419 46624
51620 33932
58913 6574
39675 82652
7631 66505
48632 1691
90087 25707
53531 829
61304 58550
43843 36110
70220 67203
39108 19280
20344 48785
41352 82999
52645 83456
57396 61175
27401 89302
43207 93464
61362 68878
48811 24530
51915 78830
81080 13088
89952 27037
90539 88052
5549 65474
19673 43601
2581 9905
26404 21867
17758 51627
33947 50316
73461 41985
95394 98664
12360 77986
10020 18553
72757 61663
72334 47040
47030 5327
84305 50977
35276 87203
11954 47985
7542 63885
59027 26826
73060 63187
35012 64691
38257 23399
34796 39787
76548 60920
9271 8013
51975 35485
51807 63716
85061 602
98024 32191
60692 6014
8679 52420
5729 70473
42213 69289
65403 86728
2428 7281
70069 63629
47424 88612
1923 80803
37753 62015
89651 30116
20141 99105
77838 71723
31745 95883
8192 27175
18403 87094
68374 869
42050 95556
21633 66988
47203 6925
17625 54360
22112 36521
95726 61011
80393 94489
78725 45490
7633 22766
20023 61441
10527 9063
71338 37852
94505 23963
55893 78854
89918 59959
4624 28426
31475 97528
80862 26719
32203 48072
84399 77943
64051 10640
16181 21673
32071 99045
61830 3463
53179 24842
77472 56293
59449 15719
13755 33923
43676 91058
20362 89024
34045 82946
91679 52349
64362 93803
86620 88727
74442 95039
15940 8031
13528 32437
50486 64717
56832 71321
91905 97967
45355 93322
41231 87500
65523 78686
12342 30078
6634 84267
82745 36811
92133 50884
6033 85585
9892 59828
5417 32141
7558 74854
79324 85531
16266 1088
43830 29189
96946 78774
82857 47586
44368 68122
59937 47924
76641 54930
21228 87136
28013 51050
99947 8385
14905 82878
39678 30364
61737 45898
67870 60995
49762 17929
81483 29746
4907 78407
81109 36838
97699 71262
64 90723
44072 78497
36671 62347
30817 43127
71329 12599
9962 85071
31030 37318
38650 9608
97441 37626
9222 3065
30613 93930
44973 55862
24097 47825
63605 82684
54885 86905
82401 73088
12266 84850
35414 45659
92469 15837
44689 95918
35728 70481
63914 47340
43992 14585
62768 8500
21302 13094
40438 47799
59992 96800
61970 8063
35004 63684
2986 92699
62032 51066
94858 87957
96147 78127
47146 29005
86411 25995
27922 91747
16154 83719
19151 67591
85848 68930
59201 12051
40471 3922
552 81175
43036 28323
55192 84704
56833 5974
51393 2613
41376 13457
44205 37247
46751 59399
21248 82589
72890 62155
28245 93097
46763 97877
69831 66493
70416 8177
545 57598
87420 17641
35351 72333
54560 1685
16667 2740
86294 82431
82929 23333
58093 86576
33721 66354
47198 31357
89084 55652
75001 39273
4704 93545
93616 69953
7871 23127
40253 60777
57911 23717
16514 82781
29041 35976
69794 80760
13629 27235
82763 73885
57974 52467
77899 97322
28312 25759
36608 62124
55487 5887
1940 59556
66322 49446
76906 46365
28882 40394
60865 94707
71473 78501
98076 55762
63346 51156
94087 93754
13913 49077
25591 40786
66518 94814
58536 42040
96657 78603
42582 22185
92157 47373
28396 68457
11483 63083
78784 98075
52152 40408
16695 36239
6870 66616
43427 32376
85313 29226
43937 11864
6963 53546
81473 38529
41266 75925
79989 26438
10029 54808
43161 9845
58205 57345
39210 84453
27747 27418
64279 68811
26833 84043
6167 71513
26009 71455
67473 37863
75020 57777
13079 38120
68566 68555
31113 85314
56600 49533
41882 42030
571 9231
31981 62802
99837 52657
58690 87348
24231 34864
74964 50192
74923 47858
8594 19746
23305 65885
90491 62257
46878 58914
22613 54325
3794 51049
56510 68720
31108 53741
36513 45841
33459 26063
87829 35822
89495 87495
8774 130
72838 49060
30722 93545
53537 23057
78402 80463
32722 8265
27173 77700
71776 66340
67648 27664
29828 93775
90935 58468
60110 41561
7841 32737
97472 91253
63826 86841
13082 34157
79592 53581
21894 67901
38557 57353
27438 67623
7800 93183
90342 80265
29317 31040
93220 54076
95051 66730
68786 1893
36191 5119
32054 41821
71585 9284
27048 25764
71389 74914
9568 45552
73418 47792
61606 84445
73532 98148
84910 88169
44667 54558
15858 22181
97623 71882
56512 59044
94602 26150
65683 56811
95771 56779
859 27547
71306 43199
11529 54103
60349 74514
43108 1879
28533 50571
66772 37626
58458 30310
12699 94662
49995 43608
83411 58490
75039 81503
64273 88890
51081 22707
47077 84027
76091 97970
74152 5097
14912 68314
26588 14537
65816 91546
97781 32235
12220 12834
83115 12488
55576 99426
20510 59999
196 99466
90130 32354
63358 94957
89338 88723
70455 84451
33489 94554
99383 61852
34102 46329
53981 83156
77210 4129
9171 13654
48902 92665
97355 89425
75924 54671
1555 55879
53865 57054
88095 64572
54666 91004
21188 88030
36440 89434
7514 18719
28625 33918
65741 46171
39851 85961
31244 16244
57095 85405
2135 71890
23237 40255
55812 9011
88184 20172
55424 65134
65997 82585
34742 8574
42535 48992
14771 71623
70949 95211
19067 6966
11630 1443
60195 67462
30875 98548
14760 64135
10395 33201
39424 84828
68624 24787
4835 94015
12464 65981
9482 7537
88499 81756
46773 87279
24949 69057
84753 17346
75169 51693
41797 96983
18060 66718
76971 96247
64775 54174
25183 32051
25449 70549
90310 29859
74887 28740
92388 59017
14390 37155
56099 74931
52100 29037
48256 98956
64668 66922
52074 77591
85422 2847
2451 97309
56368 41119
86630 54655
10564 88759
46470 70679
60574 52342
55849 76513
24215 8878
42131 35698
15039 52449
9117 53221
18342 82398
34750 35118
89429 65014
984 72278
85473 77312
3148 97578
62277 55117
98559 58565
2721 7457
18560 59491
84293 124
29919 58425
56990 30684
59391 67040
14271 43937
81792 34647
13676 31376
85188 96103
64726 38138
10565 13953
3466 26136
47792 60637
32169 42761
36546 7399
29284 34619
70668 27163
36676 16079
41413 69498
56991 3407
36415 40020
98286 84470
61027 15535
83817 61360
85266 63244
40959 90518
11623 26609
95620 22081
63121 70998
25389 72458
62864 77292
19784 35137
36909 19517
78415 10504
43654 18455
342 77874
72704 88744
93139 48250
69522 55416
20218 9701
40176 66481
9047 91782
49676 25468
62440 83858
6337 70802
39446 97772
38082 93492
2108 56086
58131 87415
36149 29488
94495 83812
49488 87124
17192 81495
21877 46933
80155 81596
10310 22782
80335 50806
81224 7519
41892 26154
93219 54799
42018 14293
77315 4963
37027 21428
78726 57671
95607 37732
49478 15412
9516 31026
71709 58997
76603 54760
10883 17461
90618 10456
52133 95937
33298 11397
96586 62857
52909 8099
44536 38862
84462 89004
85080 63954
54140 6383
11154 96728
99309 37506
24042 48895
51226 79725
99107 16729
74018 94321
30453 98193
4459 83896
16234 18126
49244 78683
99425 65352
74523 35254
20060 45335
99957 20754
50288 31969
99085 74277
3335 19073
77251 99388
88677 33795
51556 56251
76329 61844
58611 22673
25363 55704
63199 57317
46730 21684
55655 53184
98776 32973
87600 69911
85840 55334
10413 64388
93653 84888
29914 55870
22429 57719
73274 65834
38006 92122
87305 11829
60758 37568
4956 86325
81599 19660
25853 19372
92897 59909
38320 14804
60043 89854
44561 85408
77524 67611
16316 3425
9548 75796
88118 61900
58441 46031
6472 69565
21402 39724
78489 64923
94491 43017
33693 77316
82972 87847
44181 80557
22614 6871
49171 28132
68850 98731
37755 71890
53938 40043
21626 50295
72177 54753
48483 41247
7298 90446
36405 67830
27245 49691
49061 20417
5234 90897
68456 62454
43380 57909
50265 91398
89730 55528
57156 94280
47597 31142
58319 53356
59482 20248
95458 39132
82011 74483
32792 28085
75985 70306
13205 4494
24036 71271
36735 13441
25877 71448
17724 20291
63182 33812
60003 89358
81229 11785
57012 49975
45341 33885
1076 24091
93924 48008
62552 17955
98599 84875
55997 11374
71016 60359
83556 1980
30446 95166
58565 70594
71206 35448
87843 13495
17208 48999
15031 31658
78115 87667
7478 52998
63495 41508
24859 70170
88518 17054
11780 21196
23600 7350
17568 45947
14507 6927
98344 41513
4314 4584
50410 12630
98564 72294
25647 26100
1355 93258
25906 67335
69578 1883
95266 57593
99027 62343
38218 90402
72562 1888
6359 81316
89638 27212
3441 23634
86042 63702
95040 56957
10828 67525
3672 51570
83075 90099
9441 41238
5485 14123
50832 3663
32168 10035
74407 88383
66780 77451
43683 41125
96518 15380
79196 34149
33687 83807
9028 41493
84549 97897
35511 94199
34138 74966
96518 25780